# Veinett for bilder/dekning-nett.png — ekte gater fra OpenStreetMap.
#
# Hentet én gang fra Overpass (© OpenStreetMap-bidragsytere, ODbL):
#   [out:json][timeout:120];
#   (way["highway"](59.9253,10.7716,59.9601,10.8536););
#   out geom;
#
# Viktig: datofestet utdrag, ikke en levende kilde. Filen ligger her fordi
# teppet skal kunne tegnes på nytt med NØYAKTIG samme gater — en ny
# Overpass-henting ville gitt et annet veibilde, og da kunne ikke alfa og
# bredder justeres uten at hele utsnittet endret seg.
#
# Format: klasse|lon,lat;lon,lat;… (5 desimaler, ~1 m presisjon)
# trunk 79, primary 14, secondary 99, tertiary 146, unclassified 51, residential 288, living_street 11, pedestrian 13

primary|10.77817,59.93311;10.77814,59.93306;10.77811,59.93302;10.77802,59.93296;10.77726,59.93256;10.77702,59.93244;10.77604,59.93189;10.77534,59.93159;10.77475,59.93141;10.77413,59.93126
primary|10.77777,59.92859;10.77775,59.92852;10.77771,59.92844;10.77753,59.92818;10.77727,59.92780;10.77685,59.92723
primary|10.77800,59.92853;10.77803,59.92874;10.77823,59.92979;10.77826,59.92995;10.77839,59.93073;10.77841,59.93081;10.77847,59.93134;10.77849,59.93146;10.77854,59.93188;10.77860,59.93238;10.77866,59.93268;10.77868,59.93275;10.77870,59.93283;10.77872,59.93287;10.77874,59.93291;10.77878,59.93297;10.77885,59.93306
primary|10.77846,59.93275;10.77843,59.93258;10.77839,59.93239;10.77836,59.93230;10.77831,59.93190;10.77826,59.93147;10.77817,59.93082;10.77816,59.93074;10.77802,59.92997;10.77800,59.92987;10.77792,59.92939;10.77789,59.92923;10.77781,59.92875;10.77777,59.92859
trunk|10.80562,59.94212;10.80601,59.94217;10.80651,59.94224;10.80696,59.94229;10.80756,59.94235;10.80843,59.94245;10.81002,59.94264;10.81063,59.94272;10.81117,59.94280;10.81189,59.94292;10.81357,59.94325
primary|10.77845,59.93341;10.77838,59.93339;10.77831,59.93338;10.77826,59.93335;10.77821,59.93333;10.77817,59.93329;10.77815,59.93326;10.77813,59.93322;10.77813,59.93318;10.77815,59.93315;10.77817,59.93311
tertiary|10.77487,59.93915;10.77496,59.93914;10.77505,59.93913;10.77528,59.93912;10.77646,59.93906;10.77663,59.93905
secondary|10.77783,59.94521;10.77781,59.94521;10.77778,59.94521;10.77775,59.94521
residential|10.78087,59.94788;10.78096,59.94775;10.78104,59.94757;10.78149,59.94658;10.78187,59.94574;10.78188,59.94572;10.78190,59.94569
tertiary|10.78332,59.92821;10.78327,59.92818;10.78322,59.92816;10.78317,59.92814;10.78311,59.92813;10.78304,59.92812;10.78297,59.92811;10.78287,59.92811;10.78280,59.92811;10.78277,59.92812;10.78267,59.92812;10.78258,59.92814;10.78248,59.92816;10.78238,59.92818;10.78231,59.92820;10.78223,59.92823;10.78213,59.92828;10.78195,59.92836;10.78192,59.92837;10.78172,59.92846;10.78155,59.92853;10.78152,59.92854;10.78148,59.92856;10.78139,59.92859;10.78129,59.92861;10.78119,59.92863;10.78110,59.92863;10.78099,59.92864;10.78088,59.92863;10.78079,59.92862;10.78070,59.92861;10.78063,59.92860;10.78061,59.92860;10.78052,59.92857;10.78041,59.92854;10.78032,59.92851;10.78027,59.92849;10.78022,59.92846;10.78017,59.92843;10.78013,59.92839;10.78008,59.92834;10.78004,59.92829;10.77984,59.92801;10.77981,59.92796;10.77977,59.92793;10.77973,59.92789;10.77969,59.92785;10.77965,59.92782;10.77960,59.92779
residential|10.79030,59.92794;10.79035,59.92796;10.79049,59.92801;10.79057,59.92804;10.79095,59.92817;10.79105,59.92821;10.79111,59.92826;10.79115,59.92831;10.79120,59.92839;10.79127,59.92854;10.79140,59.92890;10.79141,59.92892;10.79147,59.92905
residential|10.78423,59.93673;10.78436,59.93672;10.78461,59.93664;10.78485,59.93659;10.78552,59.93646;10.78561,59.93644;10.78612,59.93634;10.78656,59.93622;10.78704,59.93596;10.78764,59.93567;10.78792,59.93560;10.78823,59.93553;10.78889,59.93538;10.78890,59.93538;10.78978,59.93521;10.78993,59.93519;10.79011,59.93516
residential|10.78889,59.93538;10.78887,59.93535;10.78881,59.93528;10.78872,59.93515;10.78864,59.93502;10.78860,59.93486;10.78864,59.93471;10.78883,59.93453;10.78897,59.93438;10.78931,59.93405;10.78948,59.93395;10.78969,59.93388;10.78974,59.93386;10.78983,59.93384
residential|10.78917,59.93262;10.78912,59.93267;10.78826,59.93353;10.78763,59.93426;10.78745,59.93446;10.78718,59.93476;10.78684,59.93504;10.78646,59.93525;10.78604,59.93542;10.78572,59.93552;10.78554,59.93555;10.78543,59.93556;10.78532,59.93556;10.78510,59.93554;10.78493,59.93550;10.78484,59.93548
residential|10.79910,59.94070;10.79875,59.94041;10.79798,59.93964;10.79775,59.93938;10.79732,59.93890;10.79727,59.93885;10.79710,59.93865;10.79705,59.93859;10.79688,59.93840;10.79663,59.93812;10.79643,59.93790;10.79637,59.93786;10.79617,59.93771;10.79586,59.93752;10.79560,59.93738;10.79496,59.93709;10.79475,59.93700;10.79460,59.93693;10.79391,59.93655;10.79352,59.93634;10.79321,59.93617;10.79270,59.93581;10.79207,59.93538;10.79185,59.93524
residential|10.78410,59.93069;10.78410,59.93067;10.78404,59.93040;10.78402,59.93032;10.78398,59.93016;10.78381,59.92934;10.78378,59.92921
residential|10.78289,59.93293;10.78284,59.93285;10.78278,59.93259;10.78275,59.93244
residential|10.77972,59.93466;10.77990,59.93459;10.78002,59.93452;10.78049,59.93428;10.78078,59.93413;10.78090,59.93407;10.78101,59.93401;10.78176,59.93361;10.78200,59.93349;10.78205,59.93346;10.78216,59.93341;10.78282,59.93307;10.78290,59.93302;10.78289,59.93293
residential|10.78376,59.93342;10.78414,59.93364;10.78428,59.93371;10.78444,59.93376;10.78555,59.93403;10.78595,59.93411;10.78605,59.93414;10.78615,59.93416;10.78702,59.93436;10.78745,59.93446
residential|10.78090,59.93407;10.78078,59.93400;10.78050,59.93386;10.78033,59.93378;10.77987,59.93356;10.77935,59.93331;10.77923,59.93328;10.77912,59.93327;10.77904,59.93326;10.77894,59.93326
residential|10.77854,59.93188;10.77862,59.93188;10.77873,59.93187;10.77894,59.93189;10.77908,59.93191;10.77923,59.93197;10.77990,59.93231;10.78070,59.93269;10.78114,59.93291;10.78159,59.93313;10.78180,59.93323;10.78204,59.93335;10.78216,59.93341
residential|10.78275,59.93244;10.78261,59.93237;10.78238,59.93226;10.78213,59.93214;10.78192,59.93203;10.78127,59.93172;10.78079,59.93148;10.78047,59.93133;10.78039,59.93129;10.78002,59.93110;10.77970,59.93095;10.77932,59.93076
residential|10.77823,59.92979;10.77833,59.92978;10.77994,59.92961;10.78043,59.92955
residential|10.77932,59.93076;10.77912,59.93057;10.77906,59.93051;10.77895,59.93039;10.77889,59.93027;10.77888,59.93021;10.77890,59.93015;10.77896,59.93004;10.77903,59.92998;10.77911,59.92994;10.77925,59.92991;10.77938,59.92990;10.77954,59.92993;10.77966,59.92999;10.77971,59.93006;10.77972,59.93013;10.77974,59.93019;10.77977,59.93022;10.77979,59.93023;10.78119,59.93086;10.78258,59.93148;10.78259,59.93148;10.78277,59.93156;10.78300,59.93167;10.78325,59.93179;10.78348,59.93190;10.78362,59.93197
residential|10.78829,59.93181;10.78816,59.93189;10.78810,59.93194;10.78805,59.93198;10.78781,59.93224;10.78766,59.93240;10.78746,59.93261;10.78734,59.93275;10.78665,59.93350;10.78646,59.93370;10.78628,59.93389;10.78620,59.93399;10.78612,59.93407;10.78605,59.93414
tertiary|10.78399,59.92919;10.78394,59.92911;10.78390,59.92902;10.78374,59.92873;10.78370,59.92864;10.78365,59.92856
residential|10.78202,59.94879;10.78214,59.94875;10.78250,59.94863;10.78303,59.94844;10.78315,59.94840;10.78341,59.94832;10.78349,59.94829;10.78385,59.94816;10.78403,59.94810;10.78430,59.94800;10.78488,59.94775;10.78524,59.94759;10.78569,59.94740;10.78589,59.94731;10.78598,59.94727;10.78620,59.94718;10.78624,59.94716;10.78631,59.94713;10.78636,59.94711;10.78657,59.94702;10.78688,59.94688;10.78699,59.94684;10.78706,59.94681
residential|10.77544,59.95482;10.77555,59.95480;10.77565,59.95477;10.77586,59.95470;10.77641,59.95451;10.77731,59.95421;10.77738,59.95419;10.77917,59.95358;10.77922,59.95356;10.78003,59.95327;10.78062,59.95305;10.78092,59.95294;10.78155,59.95268;10.78178,59.95259;10.78188,59.95256;10.78221,59.95243;10.78250,59.95232;10.78255,59.95230;10.78289,59.95217;10.78307,59.95212;10.78328,59.95207;10.78342,59.95205;10.78401,59.95195;10.78404,59.95194;10.78429,59.95190;10.78508,59.95177;10.78516,59.95176;10.78526,59.95176;10.78531,59.95176;10.78543,59.95177;10.78546,59.95178
residential|10.78551,59.95388;10.78554,59.95388;10.78566,59.95388;10.78761,59.95389;10.78790,59.95389;10.78857,59.95390;10.78892,59.95390;10.78996,59.95391;10.79008,59.95391;10.79022,59.95394;10.79034,59.95398;10.79045,59.95402;10.79055,59.95409;10.79059,59.95413;10.79065,59.95419
residential|10.77723,59.94189;10.77723,59.94187;10.77721,59.94184;10.77716,59.94179;10.77676,59.94157;10.77646,59.94139;10.77629,59.94130;10.77589,59.94111;10.77560,59.94096;10.77477,59.94053;10.77470,59.94049
residential|10.77663,59.93905;10.77663,59.93913;10.77662,59.93918;10.77653,59.93979;10.77647,59.94023;10.77644,59.94049;10.77638,59.94101;10.77637,59.94107;10.77636,59.94117;10.77629,59.94130
residential|10.77163,59.94162;10.77169,59.94159;10.77172,59.94158;10.77178,59.94156;10.77222,59.94140;10.77274,59.94122;10.77385,59.94079;10.77460,59.94053;10.77470,59.94049;10.77478,59.94046;10.77503,59.94038;10.77527,59.94032;10.77552,59.94027;10.77583,59.94023;10.77615,59.94022;10.77639,59.94023;10.77647,59.94023
residential|10.77464,59.94134;10.77473,59.94140;10.77622,59.94233;10.77625,59.94235;10.77632,59.94238
residential|10.77679,59.93708;10.77708,59.93727;10.77743,59.93754;10.77763,59.93784;10.77779,59.93808;10.77782,59.93812
residential|10.77723,59.93636;10.77671,59.93654;10.77629,59.93669;10.77625,59.93671;10.77607,59.93677;10.77534,59.93705;10.77527,59.93708
residential|10.77625,59.93671;10.77619,59.93667;10.77490,59.93574;10.77479,59.93566
trunk|10.78818,59.93899;10.78750,59.93873;10.78711,59.93859;10.78686,59.93850;10.78673,59.93845;10.78643,59.93832
trunk|10.77887,59.93334;10.77890,59.93343;10.77900,59.93363;10.77924,59.93399;10.77947,59.93435
residential|10.77644,59.94049;10.77656,59.94050;10.77696,59.94051;10.77701,59.94052;10.77705,59.94054;10.77735,59.94106;10.77732,59.94111;10.77685,59.94151;10.77676,59.94157
residential|10.77575,59.93528;10.77583,59.93533;10.77723,59.93636
residential|10.77726,59.93256;10.77739,59.93250;10.77745,59.93247;10.77753,59.93244;10.77763,59.93242;10.77800,59.93240;10.77829,59.93239;10.77839,59.93239
residential|10.77421,59.92965;10.77429,59.92972;10.77452,59.92992;10.77468,59.93004;10.77470,59.93005;10.77516,59.93035;10.77593,59.93077;10.77688,59.93124;10.77737,59.93149;10.77756,59.93161;10.77771,59.93159;10.77815,59.93156
residential|10.77593,59.93077;10.77601,59.93073;10.77621,59.93061;10.77630,59.93055;10.77653,59.93040;10.77664,59.93032;10.77674,59.93026
residential|10.78376,59.93342;10.78355,59.93329;10.78351,59.93325;10.78339,59.93318;10.78322,59.93307;10.78310,59.93301;10.78296,59.93299;10.78289,59.93293
residential|10.79910,59.94070;10.79942,59.94082;10.79972,59.94084;10.80076,59.94085;10.80120,59.94089;10.80164,59.94095;10.80234,59.94105;10.80314,59.94119;10.80353,59.94126;10.80392,59.94135;10.80415,59.94141;10.80450,59.94149;10.80490,59.94161;10.80515,59.94168;10.80544,59.94177;10.80558,59.94182;10.80609,59.94198
residential|10.80430,59.93934;10.80428,59.93938;10.80422,59.93942;10.80348,59.93979;10.80338,59.93984;10.80305,59.94000;10.80297,59.94003;10.80279,59.94012;10.80267,59.94018;10.80257,59.94022;10.80249,59.94024;10.80235,59.94028;10.80219,59.94033;10.80212,59.94037;10.80201,59.94042;10.80177,59.94056;10.80137,59.94079;10.80120,59.94089
residential|10.79875,59.94041;10.79996,59.93969;10.80054,59.93934;10.80056,59.93933;10.80064,59.93928;10.80076,59.93921;10.80121,59.93895;10.80155,59.93874;10.80184,59.93858;10.80190,59.93855;10.80199,59.93853;10.80203,59.93852
residential|10.79755,59.93720;10.79828,59.93761;10.79861,59.93780;10.79880,59.93791;10.79885,59.93795;10.79911,59.93812;10.79922,59.93821;10.79959,59.93848;10.79973,59.93858;10.79978,59.93861;10.79979,59.93862;10.79989,59.93872;10.80011,59.93893;10.80034,59.93915;10.80054,59.93934
residential|10.79755,59.93720;10.79771,59.93695;10.79780,59.93679;10.79796,59.93653;10.79810,59.93629;10.79815,59.93620;10.79835,59.93588
residential|10.79958,59.93616;10.79962,59.93603;10.79989,59.93555
residential|10.79926,59.93299;10.79930,59.93304;10.79946,59.93324;10.79964,59.93345;10.79964,59.93346;10.79976,59.93361;10.79985,59.93371;10.80007,59.93398;10.80015,59.93407;10.80026,59.93422;10.80028,59.93426;10.80033,59.93437;10.80037,59.93444;10.80038,59.93446;10.80041,59.93451;10.80042,59.93455;10.80039,59.93468;10.80033,59.93481;10.80017,59.93507;10.80010,59.93517;10.80011,59.93539
residential|10.79978,59.93529;10.79939,59.93522;10.79935,59.93521;10.79900,59.93514;10.79879,59.93509;10.79864,59.93507;10.79848,59.93504;10.79775,59.93491;10.79754,59.93487;10.79731,59.93483;10.79665,59.93471;10.79655,59.93469;10.79653,59.93469;10.79644,59.93467;10.79609,59.93461;10.79552,59.93451;10.79538,59.93452;10.79528,59.93454;10.79520,59.93457;10.79515,59.93462;10.79503,59.93486;10.79493,59.93507;10.79488,59.93516;10.79482,59.93521
residential|10.79754,59.93487;10.79763,59.93468;10.79761,59.93452;10.79755,59.93443;10.79753,59.93439;10.79683,59.93379;10.79662,59.93360;10.79660,59.93358;10.79649,59.93354;10.79641,59.93353;10.79640,59.93353
unclassified|10.79560,59.92972;10.79563,59.92975;10.79566,59.92979;10.79593,59.93003;10.79659,59.93062;10.79683,59.93083;10.79690,59.93090;10.79742,59.93135;10.79746,59.93138;10.79763,59.93153
unclassified|10.79893,59.93113;10.79897,59.93117;10.79983,59.93193
residential|10.78652,59.92932;10.78587,59.92919;10.78535,59.92908;10.78525,59.92898
residential|10.80511,59.93492;10.80517,59.93499;10.80521,59.93504;10.80523,59.93511;10.80532,59.93559;10.80538,59.93591;10.80539,59.93602;10.80539,59.93608;10.80537,59.93612;10.80534,59.93616;10.80528,59.93621
residential|10.80870,59.93529;10.80879,59.93529;10.80893,59.93529;10.80903,59.93528;10.80915,59.93527;10.80926,59.93527;10.80937,59.93527;10.80948,59.93528;10.80963,59.93531;10.80972,59.93533;10.80977,59.93534;10.81009,59.93541;10.81024,59.93545;10.81034,59.93548;10.81056,59.93555;10.81085,59.93566;10.81105,59.93575;10.81110,59.93577;10.81125,59.93584;10.81137,59.93590;10.81140,59.93592;10.81154,59.93599;10.81168,59.93607;10.81172,59.93610;10.81177,59.93613;10.81187,59.93621;10.81209,59.93637;10.81219,59.93645
residential|10.81065,59.93227;10.81076,59.93261;10.81082,59.93279;10.81094,59.93314;10.81103,59.93336;10.81113,59.93357;10.81127,59.93386;10.81140,59.93412;10.81155,59.93443;10.81174,59.93483;10.81178,59.93488;10.81179,59.93491;10.81182,59.93494;10.81186,59.93497;10.81194,59.93501;10.81219,59.93511;10.81250,59.93524;10.81296,59.93543
residential|10.80838,59.94082;10.80830,59.94077;10.80727,59.94026;10.80713,59.94024;10.80672,59.94007
residential|10.82626,59.93510;10.82605,59.93508;10.82591,59.93506;10.82587,59.93505;10.82580,59.93504;10.82574,59.93503;10.82560,59.93500;10.82538,59.93494;10.82531,59.93491;10.82524,59.93489;10.82496,59.93478;10.82491,59.93476;10.82383,59.93438;10.82314,59.93419;10.82303,59.93417;10.82244,59.93405;10.82194,59.93397;10.82142,59.93389;10.82120,59.93386;10.82056,59.93376;10.82014,59.93369;10.82002,59.93367;10.81935,59.93357;10.81911,59.93353;10.81899,59.93351;10.81855,59.93343;10.81822,59.93336;10.81777,59.93325;10.81768,59.93323;10.81745,59.93317;10.81686,59.93299;10.81661,59.93287;10.81632,59.93269;10.81628,59.93266
unclassified|10.82617,59.93689;10.82656,59.93691;10.82708,59.93695;10.82723,59.93696;10.82765,59.93697;10.82784,59.93698;10.82794,59.93697;10.82856,59.93696;10.82868,59.93696;10.82892,59.93697;10.82922,59.93699
residential|10.81020,59.93676;10.81027,59.93674;10.81080,59.93652;10.81090,59.93649;10.81120,59.93637;10.81162,59.93619;10.81166,59.93618;10.81177,59.93613;10.81185,59.93609;10.81191,59.93606;10.81200,59.93601;10.81212,59.93593;10.81225,59.93586;10.81239,59.93578;10.81244,59.93575;10.81267,59.93561;10.81296,59.93543;10.81301,59.93539;10.81304,59.93536;10.81307,59.93533;10.81310,59.93528;10.81312,59.93521;10.81313,59.93515;10.81315,59.93504;10.81315,59.93499;10.81314,59.93471;10.81311,59.93430;10.81310,59.93421;10.81308,59.93416;10.81305,59.93409;10.81295,59.93395;10.81290,59.93389;10.81272,59.93368;10.81270,59.93365;10.81266,59.93357;10.81260,59.93345;10.81257,59.93337;10.81256,59.93334;10.81252,59.93322;10.81251,59.93315;10.81250,59.93307;10.81252,59.93295;10.81252,59.93287;10.81253,59.93274;10.81253,59.93269;10.81253,59.93268;10.81244,59.93225;10.81243,59.93220;10.81243,59.93219;10.81238,59.93203
residential|10.80930,59.93248;10.80954,59.93314;10.80974,59.93369;10.80980,59.93388;10.81001,59.93457;10.81012,59.93478;10.81018,59.93499;10.81019,59.93505;10.81019,59.93506;10.81018,59.93518;10.81017,59.93525;10.81017,59.93530;10.81014,59.93536;10.81009,59.93541
residential|10.81155,59.92995;10.81187,59.92988;10.81208,59.92983;10.81230,59.92977;10.81262,59.92971;10.81289,59.92969;10.81297,59.92969;10.81323,59.92971;10.81341,59.92974;10.81352,59.92975;10.81381,59.92983;10.81398,59.92989;10.81415,59.92997;10.81421,59.92999
residential|10.81421,59.92999;10.81444,59.93006;10.81455,59.93009;10.81485,59.93017;10.81503,59.93018;10.81521,59.93019;10.81539,59.93020;10.81544,59.93020;10.81555,59.93023;10.81558,59.93024;10.81568,59.93029;10.81612,59.93097;10.81635,59.93131;10.81653,59.93149;10.81688,59.93167;10.81697,59.93171;10.81740,59.93189;10.81812,59.93219;10.81847,59.93232;10.81877,59.93243;10.81913,59.93254;10.81961,59.93267;10.81998,59.93277;10.82005,59.93278;10.82037,59.93285;10.82075,59.93292;10.82089,59.93294;10.82117,59.93299;10.82178,59.93310;10.82206,59.93315;10.82253,59.93323;10.82273,59.93327;10.82282,59.93328;10.82377,59.93344;10.82382,59.93345;10.82385,59.93346;10.82426,59.93356;10.82473,59.93367;10.82479,59.93368;10.82584,59.93398;10.82601,59.93403;10.82619,59.93406;10.82642,59.93410;10.82666,59.93409;10.82682,59.93409;10.82690,59.93410;10.82697,59.93410
residential|10.82473,59.93367;10.82433,59.93399;10.82383,59.93438;10.82323,59.93494;10.82323,59.93494;10.82268,59.93552;10.82264,59.93555;10.82237,59.93600;10.82229,59.93616;10.82219,59.93640
tertiary|10.81946,59.94121;10.81940,59.94115;10.81930,59.94109;10.81911,59.94100;10.81807,59.94049;10.81786,59.94040;10.81776,59.94036;10.81741,59.94019;10.81724,59.94013;10.81709,59.94007;10.81625,59.93982;10.81532,59.93955;10.81520,59.93951;10.81435,59.93926;10.81399,59.93915;10.81387,59.93912;10.81334,59.93896;10.81298,59.93886;10.81288,59.93883;10.81271,59.93877;10.81247,59.93869;10.81228,59.93857;10.81209,59.93842;10.81182,59.93818;10.81143,59.93784;10.81043,59.93697;10.81020,59.93676;10.81001,59.93661;10.80980,59.93642;10.80945,59.93610;10.80905,59.93576;10.80884,59.93557;10.80879,59.93552;10.80875,59.93546;10.80872,59.93540;10.80870,59.93529
residential|10.80777,59.93256;10.80786,59.93256;10.80797,59.93256;10.80808,59.93255;10.80827,59.93255;10.80863,59.93253;10.80905,59.93250;10.80930,59.93248;10.80965,59.93243;10.81008,59.93237;10.81028,59.93233;10.81065,59.93227;10.81110,59.93220;10.81177,59.93208;10.81189,59.93206;10.81200,59.93205;10.81210,59.93204;10.81223,59.93203;10.81238,59.93203
residential|10.82491,59.93603;10.82480,59.93595;10.82468,59.93593;10.82380,59.93579;10.82315,59.93566;10.82264,59.93555;10.82199,59.93539;10.82110,59.93515;10.82012,59.93488;10.81975,59.93477;10.81894,59.93455;10.81712,59.93405;10.81692,59.93399;10.81612,59.93374;10.81599,59.93373;10.81584,59.93373;10.81575,59.93376;10.81550,59.93395;10.81528,59.93411;10.81523,59.93413;10.81516,59.93416;10.81505,59.93417;10.81495,59.93417;10.81485,59.93415;10.81470,59.93412
tertiary|10.80939,59.94299;10.80937,59.94300;10.80936,59.94300
residential|10.81881,59.93462;10.81888,59.93474;10.81914,59.93510;10.81939,59.93544;10.81950,59.93556;10.81963,59.93567;10.81976,59.93578;10.81984,59.93582;10.81989,59.93585;10.82007,59.93595;10.82021,59.93600;10.82044,59.93608;10.82064,59.93614;10.82093,59.93621;10.82131,59.93627;10.82219,59.93640;10.82362,59.93665;10.82371,59.93666;10.82390,59.93669;10.82405,59.93673;10.82474,59.93691;10.82493,59.93696;10.82503,59.93699;10.82535,59.93709;10.82545,59.93712;10.82553,59.93714
residential|10.80116,59.94231;10.80115,59.94222;10.80111,59.94216;10.80101,59.94213;10.80090,59.94213;10.80085,59.94215;10.80081,59.94219;10.80080,59.94223;10.80085,59.94226
residential|10.81725,59.93769;10.81652,59.93834;10.81569,59.93907;10.81523,59.93948;10.81520,59.93951
residential|10.81711,59.93536;10.81713,59.93526;10.81715,59.93519;10.81718,59.93512;10.81722,59.93507;10.81728,59.93503;10.81736,59.93499;10.81754,59.93494;10.81831,59.93474;10.81881,59.93462;10.81894,59.93455;10.81900,59.93452;10.81933,59.93434;10.81944,59.93426;10.81972,59.93400;10.82002,59.93367
tertiary|10.83223,59.93599;10.83182,59.93624;10.83147,59.93644;10.83108,59.93667;10.83098,59.93674;10.83078,59.93686;10.83063,59.93695;10.83043,59.93707;10.83022,59.93719;10.83008,59.93728;10.82989,59.93742
tertiary|10.79377,59.95023;10.79387,59.95029;10.79391,59.95031;10.79394,59.95033;10.79398,59.95035;10.79458,59.95087;10.79504,59.95127;10.79516,59.95137;10.79523,59.95142;10.79532,59.95146;10.79551,59.95153
residential|10.78537,59.95258;10.78533,59.95258;10.78519,59.95258;10.78514,59.95259;10.78509,59.95260;10.78479,59.95269;10.78445,59.95278;10.78393,59.95293;10.78347,59.95306;10.78234,59.95337;10.78164,59.95357;10.78122,59.95370
residential|10.80228,59.94752;10.80225,59.94747;10.80215,59.94729;10.80190,59.94665;10.80232,59.94659;10.80255,59.94650;10.80263,59.94644;10.80271,59.94637;10.80272,59.94631;10.80270,59.94625;10.80262,59.94610;10.80259,59.94598;10.80261,59.94585;10.80265,59.94575;10.80265,59.94564;10.80264,59.94550;10.80260,59.94540;10.80254,59.94532;10.80245,59.94527;10.80235,59.94522;10.80211,59.94517;10.80176,59.94514;10.80131,59.94512;10.80086,59.94510;10.80046,59.94512;10.79935,59.94518;10.79910,59.94518
residential|10.80869,59.94570;10.80870,59.94573;10.80870,59.94580;10.80869,59.94585;10.80867,59.94589;10.80864,59.94591;10.80860,59.94593;10.80854,59.94594;10.80849,59.94596;10.80792,59.94604;10.80731,59.94615;10.80681,59.94624;10.80616,59.94637;10.80548,59.94651;10.80528,59.94653;10.80501,59.94654;10.80494,59.94654
residential|10.77846,59.95115;10.77845,59.95112;10.77841,59.95102;10.77827,59.95071;10.77825,59.95066;10.77824,59.95057;10.77830,59.95049;10.77889,59.95006;10.77891,59.95004;10.77900,59.94995;10.77960,59.94931;10.77968,59.94918;10.77977,59.94892;10.77999,59.94870;10.78062,59.94810;10.78082,59.94793;10.78087,59.94788
residential|10.82322,59.94906;10.82358,59.94912;10.82378,59.94916;10.82400,59.94922;10.82561,59.95008;10.82582,59.95025;10.82592,59.95040;10.82595,59.95059;10.82585,59.95084;10.82574,59.95113;10.82551,59.95130
tertiary|10.78513,59.94599;10.78514,59.94598;10.78516,59.94593;10.78517,59.94591;10.78522,59.94580;10.78529,59.94565;10.78539,59.94544;10.78559,59.94503;10.78573,59.94470;10.78575,59.94467;10.78578,59.94459;10.78580,59.94454;10.78587,59.94438;10.78593,59.94426;10.78595,59.94421
residential|10.78360,59.95626;10.78359,59.95621;10.78302,59.95413;10.78305,59.95406;10.78311,59.95403;10.78327,59.95397;10.78476,59.95355;10.78531,59.95340;10.78537,59.95339;10.78542,59.95338;10.78545,59.95338
residential|10.81060,59.94486;10.81106,59.94492;10.81187,59.94502;10.81261,59.94512;10.81332,59.94521;10.81335,59.94521;10.81347,59.94519;10.81357,59.94516;10.81367,59.94513;10.81373,59.94511;10.81380,59.94510;10.81385,59.94510;10.81389,59.94510;10.81395,59.94511;10.81398,59.94513;10.81401,59.94515;10.81402,59.94518;10.81402,59.94521;10.81401,59.94523;10.81398,59.94526;10.81391,59.94528;10.81389,59.94528;10.81384,59.94528;10.81335,59.94521
residential|10.79243,59.95297;10.79233,59.95297;10.79215,59.95296;10.79162,59.95290;10.79105,59.95283;10.79085,59.95281;10.79048,59.95276;10.79024,59.95273;10.78950,59.95265;10.78860,59.95254;10.78849,59.95252;10.78840,59.95250;10.78837,59.95247;10.78835,59.95245;10.78835,59.95241;10.78837,59.95237;10.78842,59.95231;10.78849,59.95225;10.78856,59.95220;10.78866,59.95215;10.78885,59.95209;10.78904,59.95206;10.78919,59.95204;10.78955,59.95201;10.79032,59.95196;10.79087,59.95195;10.79171,59.95192;10.79242,59.95189;10.79249,59.95189
residential|10.77781,59.95000;10.77802,59.94999;10.77813,59.94997;10.77824,59.94994;10.77832,59.94989;10.77844,59.94978;10.77974,59.94808;10.77977,59.94802;10.77978,59.94795;10.77975,59.94789;10.77938,59.94755;10.77933,59.94748;10.77931,59.94744;10.77933,59.94741;10.77939,59.94737;10.77994,59.94720;10.77999,59.94717
residential|10.81123,59.94612;10.81121,59.94616;10.81122,59.94619;10.81124,59.94624;10.81127,59.94627;10.81133,59.94632;10.81163,59.94652;10.81180,59.94662;10.81204,59.94676;10.81214,59.94682;10.81236,59.94692;10.81267,59.94707;10.81281,59.94713;10.81288,59.94716;10.81299,59.94720;10.81307,59.94723;10.81346,59.94738;10.81359,59.94743;10.81382,59.94750;10.81403,59.94757;10.81420,59.94763;10.81431,59.94769;10.81441,59.94774;10.81448,59.94780;10.81460,59.94789;10.81466,59.94796;10.81471,59.94805;10.81476,59.94816;10.81477,59.94822;10.81478,59.94828;10.81483,59.94887;10.81488,59.94926;10.81489,59.94935;10.81491,59.94948;10.81500,59.94974;10.81516,59.95020;10.81519,59.95024;10.81522,59.95027;10.81527,59.95029;10.81535,59.95031;10.81543,59.95031;10.81560,59.95032;10.81666,59.95035;10.81693,59.95038;10.81713,59.95040;10.81732,59.95043;10.81764,59.95048;10.81776,59.95050
residential|10.79094,59.94762;10.79097,59.94761;10.79101,59.94758;10.79110,59.94753;10.79248,59.94669;10.79258,59.94664;10.79266,59.94662;10.79274,59.94661
residential|10.80665,59.94768;10.80668,59.94774;10.80671,59.94776;10.80673,59.94779;10.80676,59.94780;10.80682,59.94782;10.80708,59.94791;10.80795,59.94814;10.80829,59.94821;10.80887,59.94833;10.80899,59.94835;10.80939,59.94841;10.80967,59.94845;10.80999,59.94848;10.81028,59.94852;10.81038,59.94852;10.81057,59.94854;10.81092,59.94855;10.81165,59.94858;10.81195,59.94860;10.81235,59.94863;10.81304,59.94870;10.81376,59.94877;10.81456,59.94886;10.81469,59.94887;10.81483,59.94887;10.81498,59.94887;10.81513,59.94886;10.81561,59.94881;10.81581,59.94880;10.81593,59.94880;10.81603,59.94881;10.81611,59.94882;10.81617,59.94884;10.81620,59.94885;10.81624,59.94886;10.81629,59.94889;10.81636,59.94894;10.81644,59.94902;10.81653,59.94912;10.81660,59.94920;10.81663,59.94923;10.81669,59.94933;10.81671,59.94936;10.81675,59.94945;10.81680,59.94959;10.81682,59.94971;10.81682,59.94980;10.81681,59.94991;10.81680,59.94997;10.81679,59.95003;10.81673,59.95018;10.81666,59.95035
residential|10.79221,59.95124;10.79218,59.95121;10.79172,59.95078;10.79145,59.95057;10.79117,59.95037;10.79097,59.95025
residential|10.79937,59.94427;10.79935,59.94437;10.79929,59.94446;10.79906,59.94463;10.79890,59.94473;10.79884,59.94488;10.79888,59.94500;10.79910,59.94518;10.79925,59.94527;10.79996,59.94598;10.80016,59.94604;10.80021,59.94606;10.80047,59.94619;10.80063,59.94631;10.80073,59.94643;10.80098,59.94715;10.80112,59.94758;10.80115,59.94764;10.80118,59.94769
residential|10.79756,59.94414;10.79852,59.94344;10.79895,59.94344;10.79916,59.94344;10.79958,59.94345;10.79966,59.94345;10.80044,59.94346;10.80100,59.94347;10.80123,59.94347;10.80213,59.94341
residential|10.81060,59.94486;10.81065,59.94473;10.81083,59.94449;10.81105,59.94415;10.81135,59.94373;10.81134,59.94367;10.81130,59.94360;10.81123,59.94356;10.81108,59.94353;10.81092,59.94352;10.81080,59.94352;10.81069,59.94355;10.81061,59.94361;10.81025,59.94413;10.81022,59.94423;10.81028,59.94432;10.81048,59.94441;10.81074,59.94447;10.81083,59.94449
residential|10.79638,59.94790;10.79656,59.94790;10.79670,59.94789;10.79683,59.94787;10.79699,59.94782;10.79731,59.94771;10.79742,59.94767;10.79778,59.94749;10.79808,59.94726;10.79890,59.94640;10.79896,59.94633;10.79898,59.94625;10.79897,59.94617;10.79878,59.94593;10.79872,59.94576;10.79878,59.94545;10.79887,59.94524;10.79896,59.94520;10.79910,59.94518
residential|10.79075,59.94546;10.79080,59.94541;10.79082,59.94539;10.79094,59.94513;10.79127,59.94444;10.79132,59.94432;10.79142,59.94410;10.79147,59.94397;10.79164,59.94359;10.79166,59.94355;10.79190,59.94302;10.79230,59.94214;10.79244,59.94188;10.79251,59.94179;10.79261,59.94173;10.79274,59.94168
tertiary|10.78604,59.96013;10.78611,59.96002;10.78612,59.96001;10.78651,59.95947;10.78666,59.95926;10.78680,59.95907;10.78692,59.95890;10.78701,59.95877;10.78708,59.95866;10.78709,59.95864;10.78714,59.95854;10.78721,59.95839;10.78730,59.95814;10.78730,59.95812;10.78734,59.95802;10.78735,59.95800;10.78738,59.95793;10.78740,59.95790;10.78745,59.95780;10.78747,59.95777;10.78750,59.95772;10.78757,59.95762;10.78767,59.95750;10.78772,59.95744;10.78782,59.95733;10.78785,59.95730;10.78796,59.95717;10.78800,59.95712;10.78833,59.95675;10.78838,59.95670;10.78844,59.95662;10.78849,59.95658;10.78867,59.95638;10.78870,59.95636;10.78876,59.95630;10.78881,59.95625;10.78888,59.95620;10.78893,59.95615;10.78900,59.95610;10.78907,59.95605;10.78917,59.95599;10.78930,59.95592;10.78941,59.95586;10.78953,59.95580;10.78969,59.95574;10.78987,59.95567;10.79011,59.95558;10.79086,59.95530;10.79094,59.95527;10.79106,59.95522;10.79109,59.95520;10.79116,59.95517;10.79124,59.95512;10.79133,59.95505;10.79138,59.95501;10.79142,59.95498;10.79202,59.95442;10.79221,59.95424;10.79227,59.95418;10.79231,59.95412;10.79234,59.95405;10.79236,59.95399;10.79237,59.95391;10.79238,59.95381
residential|10.80497,59.94529;10.80493,59.94532;10.80490,59.94535;10.80486,59.94539;10.80481,59.94545;10.80473,59.94556;10.80463,59.94571;10.80452,59.94586;10.80417,59.94642;10.80393,59.94679;10.80387,59.94686;10.80381,59.94693;10.80373,59.94699;10.80365,59.94704;10.80357,59.94709;10.80346,59.94714
residential|10.78814,59.94366;10.78816,59.94361;10.78841,59.94304;10.78851,59.94279;10.78852,59.94276;10.78863,59.94256;10.78873,59.94235;10.78884,59.94214;10.78902,59.94180;10.78909,59.94165;10.78926,59.94135;10.78929,59.94128;10.78936,59.94106;10.78937,59.94095;10.78934,59.94081;10.78932,59.94071;10.78930,59.94063;10.78914,59.94048
tertiary|10.80901,59.94322;10.80883,59.94339;10.80850,59.94372;10.80814,59.94407;10.80809,59.94413;10.80805,59.94422;10.80803,59.94430;10.80804,59.94435;10.80805,59.94440
residential|10.79853,59.94802;10.79853,59.94799;10.79855,59.94796;10.79857,59.94793;10.79859,59.94791;10.79878,59.94779;10.79925,59.94747;10.79931,59.94744;10.79938,59.94738;10.79996,59.94609;10.79996,59.94598
residential|10.78955,59.94992;10.78939,59.94977;10.78920,59.94943;10.78902,59.94910;10.78886,59.94877;10.78878,59.94867;10.78816,59.94870;10.78768,59.94872
residential|10.79643,59.94660;10.79650,59.94651;10.79680,59.94614;10.79683,59.94609;10.79695,59.94592;10.79717,59.94554;10.79729,59.94525;10.79745,59.94482;10.79750,59.94464;10.79756,59.94414
residential|10.79320,59.95527;10.79395,59.95534;10.79444,59.95539;10.79488,59.95543;10.79532,59.95547;10.79537,59.95548;10.79543,59.95550;10.79546,59.95552;10.79548,59.95554;10.79548,59.95556;10.79547,59.95560;10.79533,59.95583;10.79502,59.95629;10.79496,59.95637;10.79494,59.95639;10.79487,59.95642
residential|10.80821,59.94462;10.80840,59.94459;10.80848,59.94459;10.80857,59.94459;10.80867,59.94459;10.80890,59.94463;10.80952,59.94471;10.81038,59.94483;10.81060,59.94486
residential|10.78916,59.94504;10.78923,59.94499;10.78927,59.94494;10.78933,59.94482;10.78948,59.94449;10.78966,59.94411;10.78990,59.94362;10.78991,59.94358;10.79002,59.94333;10.79004,59.94330;10.79007,59.94324;10.79009,59.94319;10.79016,59.94303;10.79018,59.94300;10.79022,59.94290;10.79031,59.94269;10.79055,59.94217;10.79058,59.94211;10.79080,59.94169;10.79082,59.94164;10.79098,59.94133;10.79149,59.94028;10.79151,59.94024;10.79158,59.94016
residential|10.81010,59.94597;10.81008,59.94601;10.80973,59.94747
residential|10.79351,59.95380;10.79353,59.95392;10.79346,59.95419;10.79343,59.95432;10.79338,59.95454;10.79332,59.95476;10.79326,59.95501;10.79320,59.95527;10.79315,59.95540;10.79303,59.95583;10.79294,59.95615;10.79275,59.95673;10.79266,59.95698;10.79258,59.95705;10.79243,59.95727;10.79241,59.95730;10.79217,59.95763;10.79200,59.95789;10.79189,59.95804;10.79167,59.95838;10.79139,59.95879
residential|10.79977,59.94981;10.79988,59.94962;10.79997,59.94947;10.80004,59.94936;10.80010,59.94927;10.80015,59.94921;10.80024,59.94915;10.80031,59.94912;10.80039,59.94910;10.80052,59.94907;10.80063,59.94906;10.80073,59.94906;10.80082,59.94908;10.80087,59.94909;10.80092,59.94911;10.80097,59.94915;10.80102,59.94920;10.80108,59.94926;10.80113,59.94929;10.80120,59.94931;10.80129,59.94932;10.80136,59.94932;10.80141,59.94931;10.80145,59.94930;10.80152,59.94927;10.80161,59.94921;10.80182,59.94909;10.80213,59.94892;10.80221,59.94888;10.80225,59.94884;10.80226,59.94880;10.80227,59.94877;10.80227,59.94875;10.80226,59.94873
residential|10.79217,59.94600;10.79224,59.94597;10.79226,59.94595;10.79228,59.94593;10.79229,59.94589;10.79231,59.94583;10.79236,59.94566;10.79250,59.94530;10.79252,59.94526;10.79278,59.94478;10.79299,59.94454;10.79307,59.94441;10.79317,59.94431;10.79320,59.94427;10.79343,59.94404;10.79376,59.94374;10.79407,59.94328;10.79413,59.94319;10.79418,59.94311;10.79421,59.94308;10.79427,59.94303;10.79446,59.94283;10.79464,59.94260
residential|10.79097,59.95025;10.79091,59.95026;10.79061,59.95035;10.79043,59.95038;10.79034,59.95040;10.79024,59.95042;10.79018,59.95042;10.79013,59.95043;10.79005,59.95043;10.79002,59.95042;10.78987,59.95044;10.78983,59.95045;10.78978,59.95045;10.78963,59.95048;10.78958,59.95046;10.78951,59.95043;10.78950,59.95043;10.78941,59.95041;10.78931,59.95037;10.78899,59.95025;10.78877,59.95012;10.78870,59.95008;10.78849,59.94995;10.78829,59.94979;10.78806,59.94957;10.78797,59.94943;10.78788,59.94932;10.78787,59.94931;10.78786,59.94929;10.78776,59.94910;10.78769,59.94878;10.78768,59.94872;10.78762,59.94836;10.78759,59.94804;10.78758,59.94777;10.78753,59.94755;10.78748,59.94737;10.78747,59.94733;10.78736,59.94717;10.78722,59.94699;10.78706,59.94681;10.78693,59.94671;10.78679,59.94660;10.78652,59.94643;10.78647,59.94641;10.78647,59.94641;10.78644,59.94638;10.78643,59.94636;10.78642,59.94633;10.78642,59.94632;10.78642,59.94630;10.78642,59.94627;10.78643,59.94625;10.78644,59.94622;10.78647,59.94617;10.78648,59.94615
residential|10.78430,59.94800;10.78436,59.94804;10.78455,59.94821;10.78455,59.94821;10.78463,59.94830;10.78476,59.94843;10.78490,59.94858;10.78521,59.94889;10.78569,59.94937;10.78592,59.94959;10.78641,59.95007;10.78673,59.95040;10.78677,59.95043;10.78681,59.95048;10.78704,59.95071;10.78718,59.95078
residential|10.79742,59.94767;10.79757,59.94775;10.79794,59.94796;10.79797,59.94799;10.79799,59.94801;10.79802,59.94805
residential|10.78776,59.94910;10.78770,59.94911;10.78709,59.94918;10.78696,59.94922
residential|10.80318,59.94731;10.80317,59.94733;10.80318,59.94736;10.80320,59.94738;10.80325,59.94740;10.80331,59.94741;10.80368,59.94747;10.80388,59.94751;10.80393,59.94752;10.80412,59.94755;10.80428,59.94757;10.80448,59.94760;10.80467,59.94762;10.80483,59.94763;10.80503,59.94765;10.80524,59.94766;10.80541,59.94767;10.80557,59.94768;10.80566,59.94768;10.80576,59.94769;10.80597,59.94770;10.80616,59.94770;10.80632,59.94770;10.80643,59.94770;10.80651,59.94769;10.80665,59.94768
residential|10.78092,59.95294;10.78097,59.95301;10.78104,59.95324;10.78111,59.95350;10.78113,59.95355;10.78116,59.95360;10.78122,59.95370;10.78129,59.95380;10.78154,59.95407;10.78167,59.95423;10.78171,59.95428;10.78183,59.95446;10.78197,59.95474;10.78202,59.95491;10.78207,59.95505;10.78211,59.95513;10.78229,59.95584
residential|10.80497,59.94529;10.80502,59.94525;10.80506,59.94521;10.80516,59.94515;10.80525,59.94509;10.80535,59.94503;10.80546,59.94497;10.80559,59.94491;10.80572,59.94485;10.80591,59.94478;10.80606,59.94472;10.80625,59.94467;10.80642,59.94462;10.80650,59.94460;10.80660,59.94458;10.80683,59.94454;10.80706,59.94450;10.80708,59.94450;10.80719,59.94449;10.80729,59.94447;10.80748,59.94446;10.80754,59.94445;10.80756,59.94445;10.80776,59.94443;10.80805,59.94440
residential|10.78567,59.95532;10.78570,59.95532;10.78580,59.95531;10.78586,59.95531;10.78613,59.95529;10.78633,59.95527;10.78668,59.95521;10.78692,59.95515;10.78703,59.95512;10.78773,59.95494;10.78835,59.95478;10.78859,59.95472;10.78871,59.95468;10.78880,59.95464;10.78889,59.95456
residential|10.78425,59.94271;10.78434,59.94267;10.78465,59.94249;10.78469,59.94247;10.78508,59.94228;10.78560,59.94202;10.78580,59.94193;10.78598,59.94189;10.78614,59.94186;10.78639,59.94185;10.78651,59.94184;10.78662,59.94181;10.78668,59.94176;10.78673,59.94172;10.78676,59.94166;10.78678,59.94159;10.78675,59.94150;10.78669,59.94137;10.78663,59.94126;10.78651,59.94114;10.78632,59.94102;10.78611,59.94090;10.78597,59.94082;10.78578,59.94074;10.78552,59.94067;10.78537,59.94065;10.78522,59.94065
residential|10.80008,59.94763;10.79938,59.94738
residential|10.82648,59.94610;10.82648,59.94616;10.82647,59.94625;10.82645,59.94631;10.82643,59.94633;10.82641,59.94635;10.82634,59.94640;10.82624,59.94644;10.82577,59.94659;10.82562,59.94667;10.82552,59.94677;10.82550,59.94684;10.82545,59.94735;10.82546,59.94752;10.82549,59.94788;10.82550,59.94799;10.82551,59.94833;10.82554,59.94858;10.82555,59.94861;10.82563,59.94880;10.82584,59.94894;10.82605,59.94905;10.82628,59.94914;10.82633,59.94916;10.82661,59.94923;10.82748,59.94934;10.82788,59.94939
tertiary|10.81651,59.94736;10.81667,59.94731;10.81675,59.94730;10.81684,59.94729;10.81693,59.94729;10.81708,59.94730;10.81717,59.94729;10.81725,59.94729;10.81734,59.94728;10.81759,59.94723;10.81775,59.94720;10.81820,59.94713;10.81826,59.94712;10.81851,59.94709;10.81874,59.94707;10.81891,59.94706;10.81899,59.94705;10.81909,59.94704;10.81920,59.94703;10.81930,59.94704;10.81943,59.94704;10.81959,59.94704;10.81984,59.94706;10.82011,59.94710;10.82036,59.94714;10.82059,59.94719;10.82079,59.94722;10.82096,59.94724;10.82121,59.94726;10.82139,59.94728;10.82165,59.94728;10.82171,59.94728;10.82200,59.94728;10.82232,59.94728;10.82239,59.94728;10.82291,59.94729;10.82303,59.94729;10.82321,59.94727;10.82332,59.94726;10.82347,59.94724;10.82363,59.94720;10.82375,59.94717;10.82385,59.94712;10.82396,59.94704;10.82404,59.94696;10.82448,59.94652;10.82458,59.94643;10.82470,59.94634;10.82480,59.94629;10.82490,59.94625;10.82503,59.94621;10.82517,59.94618;10.82536,59.94615;10.82550,59.94614;10.82591,59.94612;10.82618,59.94610;10.82646,59.94610;10.82648,59.94610;10.82664,59.94610;10.82672,59.94610;10.82734,59.94610;10.82777,59.94611
tertiary|10.82952,59.93170;10.82952,59.93167;10.82955,59.93164;10.82959,59.93161;10.82965,59.93159
residential|10.82700,59.94292;10.82692,59.94294;10.82687,59.94295;10.82680,59.94296;10.82672,59.94297;10.82669,59.94297
residential|10.82726,59.94259;10.82726,59.94248;10.82730,59.94233;10.82737,59.94213;10.82742,59.94204;10.82743,59.94201;10.82746,59.94199;10.82750,59.94197;10.82754,59.94196;10.82759,59.94195;10.82763,59.94194;10.82768,59.94195;10.82774,59.94196;10.82779,59.94197;10.82785,59.94200;10.82791,59.94204
tertiary|10.82981,59.93182;10.82971,59.93187;10.82962,59.93191;10.82954,59.93196;10.82945,59.93203;10.82937,59.93211;10.82930,59.93218;10.82925,59.93224;10.82922,59.93230
residential|10.81326,59.94237;10.81327,59.94243;10.81330,59.94256;10.81331,59.94264;10.81337,59.94280;10.81339,59.94285;10.81342,59.94288;10.81347,59.94292;10.81354,59.94295;10.81361,59.94298;10.81372,59.94301;10.81391,59.94305;10.81465,59.94321;10.81496,59.94327;10.81575,59.94344;10.81646,59.94359;10.81668,59.94364;10.81680,59.94365;10.81691,59.94367;10.81700,59.94367;10.81712,59.94366;10.81813,59.94360;10.81821,59.94359;10.81828,59.94358
unclassified|10.81625,59.94187;10.81625,59.94181;10.81632,59.94176;10.81689,59.94155;10.81764,59.94127
residential|10.81807,59.94049;10.81843,59.94029;10.81864,59.94017;10.81873,59.94012;10.81876,59.94012;10.81896,59.94015;10.81990,59.94056
tertiary|10.82430,59.94008;10.82374,59.94008;10.82355,59.94008
residential|10.82002,59.93367;10.82036,59.93331;10.82075,59.93292
residential|10.82089,59.93294;10.82094,59.93289;10.82101,59.93285;10.82112,59.93281;10.82129,59.93275;10.82156,59.93264;10.82169,59.93259;10.82180,59.93253;10.82191,59.93244
tertiary|10.81155,59.92995;10.81176,59.93009;10.81193,59.93021;10.81203,59.93027;10.81212,59.93032;10.81220,59.93037;10.81227,59.93040;10.81238,59.93045;10.81247,59.93048;10.81255,59.93050
tertiary|10.80986,59.94224;10.80990,59.94222;10.80994,59.94219;10.80999,59.94215;10.81009,59.94204;10.81018,59.94195
tertiary|10.80977,59.94226;10.80980,59.94225;10.80983,59.94225;10.80986,59.94224
tertiary|10.80993,59.94241;10.80988,59.94245
residential|10.78561,59.95477;10.78557,59.95477;10.78549,59.95477;10.78546,59.95477;10.78535,59.95477;10.78435,59.95481
residential|10.78753,59.94755;10.78745,59.94758;10.78744,59.94758;10.78734,59.94762;10.78700,59.94780;10.78619,59.94831;10.78561,59.94865;10.78556,59.94868;10.78521,59.94889;10.78437,59.94939;10.78423,59.94947;10.78389,59.94968;10.78379,59.94973;10.78354,59.94988;10.78341,59.94991;10.78335,59.94993;10.78302,59.95004;10.78286,59.95009;10.78273,59.95013;10.78236,59.95024;10.78225,59.95027;10.78190,59.95038;10.78100,59.95066;10.78047,59.95083;10.78015,59.95093;10.77996,59.95099;10.77969,59.95105
residential|10.79462,59.94799;10.79495,59.94709;10.79501,59.94696;10.79504,59.94682;10.79504,59.94667;10.79498,59.94646;10.79479,59.94602;10.79479,59.94583;10.79479,59.94568;10.79491,59.94540;10.79510,59.94496;10.79533,59.94457;10.79545,59.94436;10.79551,59.94425;10.79570,59.94394
residential|10.79479,59.94568;10.79429,59.94567;10.79390,59.94558;10.79358,59.94545;10.79341,59.94535;10.79326,59.94526;10.79307,59.94510;10.79298,59.94491;10.79298,59.94469;10.79299,59.94454
residential|10.78806,59.94957;10.78799,59.94959;10.78740,59.94977;10.78725,59.94981;10.78641,59.95007
residential|10.78563,59.95158;10.78566,59.95158;10.78576,59.95160;10.78585,59.95161;10.78592,59.95161;10.78599,59.95161;10.78614,59.95160;10.78783,59.95150;10.78845,59.95147;10.78878,59.95145;10.78925,59.95142;10.79056,59.95134;10.79058,59.95134;10.79208,59.95125;10.79221,59.95124;10.79256,59.95124;10.79265,59.95124
residential|10.79243,59.95280;10.79257,59.95280;10.79261,59.95280;10.79269,59.95278;10.79277,59.95275;10.79298,59.95265;10.79318,59.95254;10.79324,59.95251;10.79343,59.95242;10.79363,59.95233;10.79393,59.95220;10.79446,59.95197;10.79479,59.95183;10.79489,59.95179;10.79534,59.95159
residential|10.80235,59.94751;10.80242,59.94751;10.80248,59.94753;10.80252,59.94754;10.80254,59.94756;10.80254,59.94759;10.80252,59.94763;10.80210,59.94827;10.80206,59.94832;10.80201,59.94836;10.80194,59.94840;10.80185,59.94844;10.80167,59.94849;10.80161,59.94851;10.80157,59.94852;10.80154,59.94854;10.80150,59.94856;10.80147,59.94859;10.80145,59.94864;10.80145,59.94866;10.80145,59.94868;10.80149,59.94871;10.80154,59.94874;10.80164,59.94876;10.80174,59.94877;10.80189,59.94877;10.80206,59.94876;10.80216,59.94874;10.80226,59.94873;10.80283,59.94846;10.80312,59.94839;10.80328,59.94839;10.80365,59.94846;10.80389,59.94853;10.80401,59.94861;10.80398,59.94873;10.80385,59.94891;10.80377,59.94897;10.80362,59.94904;10.80351,59.94908;10.80339,59.94910;10.80328,59.94912;10.80316,59.94911;10.80300,59.94907;10.80287,59.94902
residential|10.82020,59.95236;10.82117,59.95235;10.82134,59.95233;10.82207,59.95263;10.82225,59.95272;10.82256,59.95301;10.82258,59.95303;10.82278,59.95336;10.82283,59.95344;10.82292,59.95353;10.82315,59.95364
residential|10.82134,59.95233;10.82141,59.95220;10.82153,59.95194
residential|10.80497,59.94529;10.80512,59.94531;10.80578,59.94541;10.80586,59.94542;10.80614,59.94547;10.80640,59.94550;10.80651,59.94552;10.80685,59.94556;10.80717,59.94560;10.80747,59.94563;10.80764,59.94565;10.80807,59.94569;10.80838,59.94571;10.80851,59.94572;10.80862,59.94572
residential|10.80253,59.94336;10.80342,59.94322;10.80355,59.94320
residential|10.80066,59.94224;10.80034,59.94219;10.80011,59.94215;10.80002,59.94212;10.79946,59.94197;10.79937,59.94194
trunk|10.77833,59.94786;10.77851,59.94741;10.77877,59.94651;10.77893,59.94599
residential|10.77639,59.93510;10.77623,59.93514;10.77601,59.93512
residential|10.78365,59.92856;10.78374,59.92855;10.78382,59.92854
residential|10.78795,59.92716;10.78776,59.92731;10.78772,59.92734;10.78697,59.92785;10.78686,59.92792;10.78667,59.92805;10.78655,59.92813;10.78644,59.92821;10.78631,59.92826;10.78605,59.92832;10.78603,59.92833;10.78572,59.92836;10.78509,59.92842
residential|10.78420,59.93109;10.78419,59.93103;10.78417,59.93098;10.78410,59.93069
residential|10.78043,59.92955;10.78066,59.92972;10.78114,59.92995;10.78133,59.93003;10.78172,59.93021;10.78232,59.93047;10.78253,59.93057;10.78267,59.93063;10.78334,59.93093;10.78349,59.93098;10.78351,59.93099;10.78374,59.93101;10.78390,59.93103;10.78402,59.93105;10.78410,59.93107;10.78420,59.93109
residential|10.78362,59.93197;10.78411,59.93169;10.78431,59.93158;10.78439,59.93151;10.78444,59.93143;10.78444,59.93134;10.78444,59.93129;10.78439,59.93121;10.78433,59.93117;10.78425,59.93111;10.78420,59.93109
residential|10.78362,59.93197;10.78332,59.93213;10.78281,59.93241;10.78275,59.93244
residential|10.77679,59.93708;10.77582,59.93744;10.77575,59.93746
residential|10.78078,59.94551;10.78079,59.94549;10.78081,59.94543;10.78082,59.94541;10.78087,59.94529;10.78092,59.94518;10.78095,59.94513;10.78101,59.94498;10.78171,59.94344
trunk|10.78731,59.93662;10.78700,59.93672;10.78662,59.93687;10.78606,59.93709;10.78576,59.93721;10.78542,59.93735;10.78511,59.93750;10.78487,59.93761;10.78464,59.93773;10.78423,59.93796;10.78399,59.93812;10.78371,59.93830;10.78346,59.93849
tertiary|10.81055,59.92909;10.81030,59.92880
residential|10.79940,59.94824;10.79933,59.94826;10.79924,59.94826;10.79914,59.94826;10.79900,59.94825;10.79885,59.94824;10.79873,59.94824;10.79864,59.94825;10.79856,59.94827;10.79849,59.94829;10.79844,59.94832;10.79841,59.94836;10.79841,59.94841;10.79843,59.94845;10.79849,59.94856;10.79860,59.94877;10.79866,59.94883;10.79884,59.94883;10.79966,59.94875
unclassified|10.83043,59.93029;10.82920,59.93011;10.82911,59.93009;10.82903,59.93006
residential|10.81890,59.94650;10.81890,59.94663;10.81891,59.94701;10.81891,59.94706
residential|10.79713,59.95258;10.79726,59.95256;10.79732,59.95254;10.79737,59.95253;10.79741,59.95250;10.79744,59.95248;10.79745,59.95245;10.79745,59.95242;10.79743,59.95238;10.79737,59.95230;10.79736,59.95224;10.79737,59.95221;10.79740,59.95218;10.79745,59.95215;10.79752,59.95213;10.79759,59.95212;10.79768,59.95212;10.79776,59.95213;10.79795,59.95218;10.79812,59.95223;10.79829,59.95230;10.79838,59.95233;10.79841,59.95233;10.79845,59.95233;10.79852,59.95233;10.79861,59.95231;10.79873,59.95225;10.79899,59.95198;10.79908,59.95194;10.79917,59.95190;10.79938,59.95183;10.79943,59.95181;10.79950,59.95178;10.79955,59.95174;10.79968,59.95162;10.80027,59.95109;10.80031,59.95104;10.80047,59.95090
residential|10.80328,59.94839;10.80350,59.94832;10.80364,59.94825;10.80369,59.94820;10.80367,59.94812
residential|10.78253,59.94168;10.78266,59.94165;10.78305,59.94152;10.78342,59.94141;10.78397,59.94125;10.78434,59.94114;10.78446,59.94110
residential|10.79843,59.94964;10.79803,59.95006;10.79787,59.95022;10.79767,59.95035;10.79729,59.95057;10.79720,59.95062;10.79710,59.95065;10.79696,59.95068;10.79686,59.95069;10.79678,59.95069
residential|10.77778,59.92993;10.77689,59.93019;10.77674,59.93026
residential|10.80381,59.94693;10.80419,59.94699;10.80472,59.94707;10.80514,59.94713;10.80528,59.94715;10.80539,59.94716;10.80550,59.94716;10.80555,59.94716;10.80564,59.94716;10.80575,59.94715;10.80603,59.94711
tertiary|10.78054,59.93892;10.78079,59.93895;10.78125,59.93900;10.78157,59.93904
unclassified|10.82401,59.94246;10.82391,59.94253;10.82379,59.94259;10.82361,59.94267;10.82315,59.94287;10.82297,59.94294;10.82275,59.94301;10.82222,59.94316;10.82136,59.94339;10.82123,59.94343;10.82057,59.94359;10.82037,59.94364
residential|10.79274,59.94661;10.79282,59.94661;10.79290,59.94661;10.79300,59.94663;10.79338,59.94669;10.79501,59.94696;10.79526,59.94696;10.79544,59.94692;10.79546,59.94691;10.79559,59.94686;10.79572,59.94675;10.79587,59.94666;10.79599,59.94661;10.79609,59.94660;10.79618,59.94660;10.79630,59.94659;10.79643,59.94660;10.79649,59.94662;10.79657,59.94666;10.79659,59.94667;10.79664,59.94671;10.79671,59.94678;10.79673,59.94684;10.79672,59.94695;10.79672,59.94698;10.79656,59.94744;10.79638,59.94790;10.79628,59.94832;10.79620,59.94883;10.79614,59.94918;10.79612,59.94930;10.79609,59.94937;10.79600,59.94950;10.79598,59.94958;10.79596,59.94969;10.79588,59.94998;10.79588,59.95009;10.79593,59.95011;10.79612,59.95011
trunk|10.77893,59.94599;10.77946,59.94479
trunk|10.77946,59.94479;10.77969,59.94432;10.77984,59.94404;10.78001,59.94371;10.78014,59.94349;10.78029,59.94319
trunk|10.77909,59.94600;10.77892,59.94651;10.77865,59.94742;10.77849,59.94787
trunk|10.77961,59.94481;10.77909,59.94600
residential|10.82720,59.94818;10.82747,59.94838;10.82757,59.94844;10.82764,59.94849;10.82791,59.94870;10.82801,59.94883;10.82801,59.94884;10.82807,59.94898;10.82806,59.94912;10.82792,59.94932;10.82788,59.94939;10.82785,59.94944;10.82780,59.94955;10.82770,59.94967;10.82761,59.94981;10.82761,59.94994;10.82765,59.95004;10.82772,59.95012;10.82779,59.95014;10.82811,59.95026;10.82816,59.95029;10.82831,59.95036;10.82836,59.95039;10.82880,59.95063;10.82903,59.95083;10.82916,59.95103
trunk|10.77849,59.94787;10.77835,59.94815;10.77813,59.94857;10.77794,59.94892;10.77773,59.94928;10.77757,59.94959
residential|10.82321,59.94727;10.82321,59.94735;10.82325,59.94759;10.82324,59.94783;10.82324,59.94808;10.82323,59.94835;10.82322,59.94857;10.82321,59.94894;10.82321,59.94897;10.82322,59.94906;10.82329,59.94936;10.82333,59.94946;10.82349,59.94974;10.82377,59.95051;10.82383,59.95088;10.82378,59.95104;10.82372,59.95125;10.82347,59.95155;10.82339,59.95162;10.82326,59.95170
residential|10.82821,59.94328;10.82809,59.94327;10.82794,59.94327;10.82775,59.94328;10.82742,59.94330
residential|10.82742,59.94330;10.82744,59.94334;10.82748,59.94338;10.82752,59.94342;10.82768,59.94352;10.82781,59.94360;10.82787,59.94365;10.82790,59.94368;10.82792,59.94371;10.82793,59.94374;10.82793,59.94381;10.82791,59.94385;10.82787,59.94389
secondary|10.77978,59.94540;10.77969,59.94541;10.77959,59.94541;10.77947,59.94542;10.77941,59.94542;10.77931,59.94542
residential|10.77817,59.95255;10.77839,59.95253;10.77851,59.95250;10.77857,59.95248;10.77895,59.95236;10.77970,59.95212;10.77975,59.95211;10.78029,59.95194;10.78041,59.95190;10.78047,59.95189;10.78072,59.95181;10.78080,59.95178;10.78123,59.95164;10.78151,59.95156;10.78199,59.95140;10.78237,59.95129;10.78257,59.95122;10.78306,59.95107;10.78344,59.95095;10.78357,59.95091;10.78430,59.95069;10.78435,59.95067
tertiary|10.78513,59.94599;10.78513,59.94601;10.78511,59.94606
residential|10.79198,59.94880;10.79190,59.94883;10.79137,59.94900;10.79129,59.94903;10.79115,59.94907;10.79113,59.94908;10.79064,59.94923;10.79057,59.94925;10.79045,59.94930;10.79037,59.94932;10.79030,59.94933;10.79026,59.94933;10.79022,59.94933
residential|10.78468,59.94297;10.78462,59.94303;10.78427,59.94371;10.78424,59.94378;10.78412,59.94403;10.78401,59.94427;10.78390,59.94451;10.78365,59.94504;10.78348,59.94541;10.78342,59.94558;10.78336,59.94570;10.78335,59.94572;10.78333,59.94577;10.78332,59.94578
residential|10.82495,59.94008;10.82492,59.94016;10.82450,59.94143;10.82429,59.94205;10.82425,59.94216;10.82421,59.94224;10.82416,59.94231;10.82409,59.94239;10.82401,59.94246
unclassified|10.82331,59.92870;10.82323,59.92879;10.82304,59.92888;10.82296,59.92892;10.82263,59.92906;10.82235,59.92919;10.82222,59.92924;10.82216,59.92926;10.82184,59.92944;10.82178,59.92947;10.82157,59.92960;10.82135,59.92978;10.82128,59.92983;10.82119,59.92990
tertiary|10.80952,59.92719;10.80952,59.92719;10.80959,59.92714;10.80969,59.92708;10.80978,59.92703;10.80989,59.92699;10.81000,59.92695;10.81014,59.92692;10.81028,59.92690;10.81043,59.92688;10.81055,59.92686;10.81060,59.92686;10.81079,59.92683;10.81090,59.92682;10.81100,59.92681;10.81109,59.92681;10.81118,59.92681;10.81127,59.92682;10.81137,59.92684;10.81145,59.92685;10.81153,59.92688;10.81160,59.92690;10.81168,59.92694;10.81175,59.92698;10.81182,59.92704;10.81189,59.92711;10.81190,59.92713;10.81194,59.92720;10.81202,59.92732;10.81205,59.92741;10.81207,59.92752;10.81207,59.92763;10.81206,59.92772;10.81202,59.92778;10.81197,59.92785;10.81191,59.92793;10.81183,59.92799;10.81175,59.92804;10.81165,59.92809;10.81140,59.92819;10.81123,59.92823;10.81095,59.92828;10.81003,59.92848
residential|10.81421,59.92999;10.81422,59.93017;10.81425,59.93044;10.81429,59.93068;10.81440,59.93089;10.81445,59.93095;10.81451,59.93101;10.81462,59.93108;10.81476,59.93117;10.81500,59.93126;10.81524,59.93133;10.81548,59.93140;10.81567,59.93151;10.81585,59.93163;10.81590,59.93167;10.81592,59.93171;10.81603,59.93191;10.81613,59.93220;10.81628,59.93266;10.81621,59.93327;10.81612,59.93374;10.81586,59.93453;10.81586,59.93460;10.81587,59.93468;10.81590,59.93477;10.81595,59.93484;10.81601,59.93491;10.81610,59.93499;10.81619,59.93506;10.81630,59.93512;10.81644,59.93517;10.81659,59.93522;10.81677,59.93527;10.81711,59.93536;10.81733,59.93542;10.81767,59.93553;10.81784,59.93561;10.81795,59.93568;10.81806,59.93575;10.81814,59.93584;10.81818,59.93591;10.81821,59.93597;10.81823,59.93604;10.81822,59.93612;10.81820,59.93620;10.81815,59.93630;10.81809,59.93641;10.81802,59.93649;10.81797,59.93654;10.81791,59.93658;10.81783,59.93662
tertiary|10.81155,59.92995;10.81146,59.92989;10.81115,59.92967;10.81102,59.92959;10.81094,59.92951;10.81086,59.92944;10.81078,59.92935;10.81069,59.92925
unclassified|10.82306,59.93121;10.82280,59.93148;10.82271,59.93158;10.82212,59.93222
tertiary|10.80922,59.94286;10.80926,59.94283;10.80931,59.94280
unclassified|10.81089,59.94145;10.81041,59.94192;10.81038,59.94195;10.81032,59.94201
tertiary|10.82748,59.93372;10.82744,59.93376;10.82739,59.93380;10.82736,59.93382;10.82729,59.93385;10.82718,59.93391
tertiary|10.82765,59.93356;10.82762,59.93359;10.82755,59.93365;10.82748,59.93372
secondary|10.77797,59.94527;10.77790,59.94524;10.77783,59.94521
secondary|10.77891,59.94519;10.77897,59.94520;10.77911,59.94522;10.77922,59.94523
secondary|10.77916,59.94541;10.77902,59.94540;10.77888,59.94539;10.77882,59.94538
secondary|10.77882,59.94538;10.77823,59.94531;10.77813,59.94530;10.77806,59.94529;10.77802,59.94528;10.77797,59.94527
secondary|10.77794,59.94509;10.77800,59.94509;10.77806,59.94509
residential|10.82726,59.94259;10.82793,59.94261;10.82820,59.94263;10.82828,59.94263;10.82900,59.94269;10.82951,59.94272;10.82970,59.94274
tertiary|10.82813,59.93315;10.82809,59.93319;10.82807,59.93323;10.82804,59.93328
tertiary|10.82856,59.93276;10.82820,59.93307;10.82816,59.93311;10.82813,59.93315
tertiary|10.82898,59.93249;10.82887,59.93253;10.82878,59.93258;10.82869,59.93265;10.82856,59.93276
tertiary|10.82922,59.93230;10.82924,59.93233;10.82924,59.93237;10.82922,59.93241;10.82918,59.93244;10.82912,59.93246;10.82905,59.93248;10.82898,59.93249
residential|10.78815,59.94068;10.78817,59.94081;10.78835,59.94111;10.78851,59.94118;10.78929,59.94128
residential|10.78922,59.93971;10.78956,59.94006;10.78974,59.94025;10.78978,59.94031;10.78974,59.94036;10.78914,59.94048
residential|10.82619,59.94486;10.82632,59.94492;10.82641,59.94497;10.82651,59.94508;10.82653,59.94514;10.82652,59.94521;10.82651,59.94538;10.82649,59.94570;10.82647,59.94606;10.82646,59.94610
residential|10.79421,59.94308;10.79392,59.94299;10.79330,59.94285;10.79322,59.94282;10.79309,59.94275;10.79295,59.94262;10.79281,59.94250;10.79238,59.94220;10.79230,59.94214
tertiary|10.78595,59.94421;10.78596,59.94413;10.78599,59.94408;10.78603,59.94403;10.78610,59.94398;10.78619,59.94394
residential|10.78690,59.94376;10.78674,59.94384;10.78659,59.94388;10.78648,59.94393;10.78630,59.94402
residential|10.78690,59.94376;10.78697,59.94375;10.78712,59.94372;10.78732,59.94370;10.78750,59.94369;10.78763,59.94368;10.78774,59.94367;10.78787,59.94367;10.78814,59.94366;10.78850,59.94365;10.78898,59.94364;10.78914,59.94364;10.78938,59.94363;10.78990,59.94362;10.79024,59.94362;10.79065,59.94361;10.79164,59.94359;10.79246,59.94365;10.79291,59.94368;10.79376,59.94374;10.79461,59.94383;10.79468,59.94384;10.79508,59.94388;10.79570,59.94394;10.79632,59.94401;10.79712,59.94409;10.79756,59.94414;10.79825,59.94419;10.79937,59.94427;10.79960,59.94428;10.80017,59.94432;10.80057,59.94436;10.80081,59.94438;10.80084,59.94438;10.80100,59.94440;10.80116,59.94443;10.80126,59.94445;10.80140,59.94448;10.80176,59.94456;10.80214,59.94463;10.80220,59.94465;10.80255,59.94472;10.80277,59.94477;10.80289,59.94472;10.80293,59.94470;10.80300,59.94470;10.80308,59.94471;10.80312,59.94474;10.80314,59.94477;10.80314,59.94479;10.80305,59.94485;10.80277,59.94477
residential|10.79855,59.94256;10.79953,59.94263;10.79969,59.94268;10.80028,59.94271
living_street|10.79234,59.93317;10.79283,59.93303;10.79300,59.93298;10.79305,59.93297;10.79309,59.93296;10.79370,59.93279
residential|10.79382,59.94867;10.79396,59.94885;10.79426,59.94920;10.79450,59.94949;10.79456,59.94960
residential|10.80057,59.95072;10.80070,59.95051
residential|10.79743,59.95311;10.79736,59.95312;10.79725,59.95315;10.79720,59.95317;10.79701,59.95327;10.79692,59.95331;10.79683,59.95334;10.79676,59.95336;10.79674,59.95336;10.79664,59.95338;10.79645,59.95340
residential|10.79668,59.95219;10.79664,59.95221;10.79662,59.95222;10.79646,59.95231;10.79629,59.95241;10.79618,59.95247;10.79607,59.95252;10.79603,59.95254;10.79568,59.95267;10.79556,59.95273;10.79546,59.95279;10.79543,59.95281;10.79536,59.95289;10.79531,59.95297;10.79528,59.95305;10.79525,59.95312;10.79524,59.95316
residential|10.79389,59.95376;10.79379,59.95378;10.79362,59.95379;10.79351,59.95380;10.79252,59.95380;10.79238,59.95381
trunk|10.77814,59.94826;10.77820,59.94813;10.77833,59.94786
trunk|10.78429,59.93778;10.78472,59.93754;10.78496,59.93743;10.78528,59.93728;10.78563,59.93714;10.78595,59.93702;10.78655,59.93679;10.78675,59.93671;10.78720,59.93652
trunk|10.78061,59.94303;10.78039,59.94334;10.78014,59.94378;10.77999,59.94405;10.77983,59.94434;10.77961,59.94481
trunk|10.78029,59.94319;10.78057,59.94271;10.78081,59.94227;10.78099,59.94191;10.78131,59.94121;10.78145,59.94092;10.78161,59.94059;10.78171,59.94040;10.78183,59.94014
unclassified|10.82862,59.94757;10.82868,59.94760;10.82905,59.94776;10.82969,59.94798
trunk|10.78265,59.93927;10.78237,59.93962;10.78219,59.93990;10.78203,59.94017
residential|10.82777,59.94611;10.82780,59.94616;10.82784,59.94622;10.82797,59.94636
residential|10.81791,59.95089;10.81783,59.95090;10.81771,59.95092;10.81763,59.95095;10.81755,59.95099;10.81749,59.95103;10.81745,59.95108;10.81743,59.95113;10.81737,59.95125;10.81727,59.95148;10.81724,59.95160;10.81724,59.95173;10.81726,59.95185;10.81729,59.95195;10.81734,59.95208;10.81741,59.95220;10.81747,59.95229;10.81751,59.95235;10.81755,59.95239;10.81758,59.95242;10.81756,59.95246;10.81745,59.95258;10.81723,59.95279;10.81685,59.95313;10.81677,59.95323;10.81677,59.95333;10.81684,59.95342;10.81695,59.95348;10.81709,59.95354;10.81717,59.95359;10.81722,59.95364;10.81722,59.95368;10.81717,59.95373;10.81711,59.95376;10.81699,59.95379;10.81678,59.95383;10.81672,59.95386;10.81669,59.95390;10.81666,59.95395;10.81666,59.95402;10.81668,59.95408;10.81670,59.95412;10.81675,59.95415;10.81683,59.95417;10.81821,59.95429
residential|10.82326,59.95370;10.82345,59.95372;10.82356,59.95370;10.82362,59.95365;10.82364,59.95360;10.82357,59.95356;10.82346,59.95353;10.82335,59.95354;10.82322,59.95356;10.82315,59.95364;10.82326,59.95370
residential|10.80123,59.94347;10.80289,59.94472
tertiary|10.78282,59.93940;10.78280,59.93935;10.78278,59.93933;10.78275,59.93930;10.78271,59.93928;10.78266,59.93926;10.78261,59.93924
tertiary|10.78168,59.93905;10.78193,59.93905;10.78201,59.93905;10.78208,59.93906;10.78222,59.93908
tertiary|10.78282,59.93940;10.78279,59.93942;10.78260,59.93969;10.78242,59.93996;10.78215,59.94042;10.78204,59.94063;10.78183,59.94101;10.78181,59.94105;10.78180,59.94109;10.78179,59.94113;10.78180,59.94117;10.78181,59.94121;10.78183,59.94124;10.78187,59.94127
trunk|10.82681,59.93235;10.82497,59.93163;10.82430,59.93137;10.82365,59.93112
trunk|10.82024,59.92994;10.81760,59.92905;10.81650,59.92867;10.81616,59.92856;10.81580,59.92845;10.81542,59.92833;10.81499,59.92821
tertiary|10.79098,59.93467;10.79067,59.93448
tertiary|10.78630,59.94402;10.78619,59.94394
tertiary|10.78630,59.94402;10.78618,59.94409;10.78611,59.94413;10.78606,59.94416;10.78595,59.94421
tertiary|10.79377,59.95023;10.79373,59.95018;10.79356,59.94998;10.79346,59.94988;10.79339,59.94982;10.79331,59.94975;10.79322,59.94970;10.79310,59.94963;10.79291,59.94951;10.79279,59.94943;10.79271,59.94938;10.79262,59.94932;10.79251,59.94923;10.79239,59.94914;10.79201,59.94883;10.79198,59.94880;10.79186,59.94870;10.79179,59.94865;10.79174,59.94860;10.79171,59.94856;10.79168,59.94851;10.79166,59.94847;10.79166,59.94845;10.79166,59.94843;10.79166,59.94838;10.79168,59.94834;10.79171,59.94830;10.79175,59.94825;10.79181,59.94820;10.79188,59.94815;10.79196,59.94809;10.79203,59.94805;10.79213,59.94800;10.79223,59.94796;10.79234,59.94792;10.79245,59.94789;10.79286,59.94777;10.79297,59.94774;10.79305,59.94771;10.79312,59.94769;10.79319,59.94765;10.79324,59.94761;10.79330,59.94757;10.79333,59.94753;10.79336,59.94748;10.79337,59.94743;10.79337,59.94739;10.79335,59.94734;10.79333,59.94730;10.79329,59.94725;10.79326,59.94721;10.79325,59.94719;10.79296,59.94687;10.79288,59.94678;10.79283,59.94672;10.79274,59.94661;10.79262,59.94647;10.79251,59.94634;10.79245,59.94627;10.79238,59.94621;10.79231,59.94613;10.79229,59.94611;10.79222,59.94604;10.79217,59.94600;10.79211,59.94595;10.79202,59.94589;10.79193,59.94584;10.79185,59.94580;10.79176,59.94576;10.79168,59.94572;10.79158,59.94569;10.79141,59.94564;10.79090,59.94550;10.79075,59.94546;10.79013,59.94530;10.78993,59.94525;10.78936,59.94510;10.78916,59.94504;10.78853,59.94488;10.78817,59.94478;10.78814,59.94477;10.78798,59.94473;10.78780,59.94468;10.78762,59.94461;10.78746,59.94456;10.78739,59.94454;10.78731,59.94451;10.78729,59.94450;10.78717,59.94446;10.78702,59.94439;10.78686,59.94432;10.78677,59.94428;10.78662,59.94420;10.78654,59.94416;10.78638,59.94407;10.78630,59.94402
tertiary|10.78619,59.94394;10.78602,59.94381;10.78589,59.94372;10.78531,59.94335;10.78468,59.94297;10.78446,59.94282;10.78425,59.94271;10.78415,59.94265;10.78361,59.94235;10.78315,59.94207
residential|10.78619,59.94394;10.78636,59.94385;10.78650,59.94382;10.78667,59.94378;10.78690,59.94376
secondary|10.78078,59.94551;10.78120,59.94554
trunk|10.78643,59.93832;10.78602,59.93815;10.78562,59.93797;10.78493,59.93768;10.78423,59.93738;10.78359,59.93711;10.78299,59.93684;10.78266,59.93669
trunk|10.81338,59.94331;10.81294,59.94322;10.81243,59.94311;10.81207,59.94304;10.81161,59.94296;10.81111,59.94288;10.81058,59.94280;10.81000,59.94273;10.80837,59.94253;10.80750,59.94244;10.80692,59.94237;10.80649,59.94232;10.80533,59.94218
trunk|10.80533,59.94218;10.80476,59.94209;10.80427,59.94201;10.80363,59.94190;10.80027,59.94130;10.79839,59.94097;10.79795,59.94089;10.79712,59.94075;10.79661,59.94066;10.79439,59.94026;10.79236,59.93991;10.79191,59.93983;10.79158,59.93977;10.79097,59.93964;10.79044,59.93953;10.79000,59.93944;10.78956,59.93933;10.78914,59.93923;10.78869,59.93912;10.78818,59.93899
trunk|10.77918,59.93448;10.77890,59.93405;10.77863,59.93357;10.77856,59.93348;10.77845,59.93341
primary|10.77245,59.93098;10.77284,59.93101;10.77335,59.93106;10.77382,59.93114;10.77417,59.93121;10.77481,59.93136;10.77495,59.93140;10.77542,59.93155;10.77574,59.93167;10.77595,59.93176;10.77612,59.93184;10.77715,59.93238;10.77739,59.93250
trunk|10.78653,59.93826;10.78684,59.93838;10.78725,59.93853;10.78804,59.93877
trunk|10.77947,59.93435;10.77972,59.93466;10.77981,59.93476
trunk|10.77947,59.93486;10.77934,59.93471;10.77918,59.93448
primary|10.77739,59.93250;10.77801,59.93285;10.77814,59.93291;10.77823,59.93295;10.77831,59.93298;10.77841,59.93301
trunk|10.77981,59.93476;10.77997,59.93494;10.78009,59.93504;10.78037,59.93527;10.78063,59.93544;10.78095,59.93564;10.78099,59.93567
residential|10.77779,59.93808;10.77767,59.93810;10.77659,59.93826;10.77646,59.93828;10.77637,59.93830;10.77631,59.93831;10.77460,59.93847;10.77447,59.93848
residential|10.80143,59.94234;10.80276,59.94253;10.80298,59.94256;10.80316,59.94259;10.80328,59.94262;10.80336,59.94266;10.80350,59.94276;10.80355,59.94289;10.80356,59.94303;10.80355,59.94320;10.80356,59.94327;10.80356,59.94333;10.80359,59.94342;10.80363,59.94348;10.80370,59.94352;10.80379,59.94356;10.80390,59.94359;10.80402,59.94360;10.80413,59.94361;10.80432,59.94358;10.80437,59.94357;10.80490,59.94349;10.80542,59.94340;10.80559,59.94337;10.80570,59.94336;10.80600,59.94330;10.80614,59.94328;10.80634,59.94327;10.80649,59.94327;10.80658,59.94328;10.80664,59.94329;10.80688,59.94334;10.80838,59.94369;10.80850,59.94372
residential|10.80346,59.94714;10.80326,59.94724;10.80322,59.94727;10.80320,59.94728;10.80318,59.94731
residential|10.80665,59.94768;10.80692,59.94765;10.80697,59.94764;10.80761,59.94758;10.80814,59.94752;10.80870,59.94748;10.80892,59.94747;10.80913,59.94746;10.80933,59.94746;10.80951,59.94746;10.80965,59.94746;10.80973,59.94747;10.80992,59.94747;10.81014,59.94749;10.81037,59.94751;10.81047,59.94752;10.81053,59.94753;10.81070,59.94755;10.81085,59.94757;10.81103,59.94760;10.81131,59.94765;10.81189,59.94775;10.81216,59.94779;10.81239,59.94782;10.81261,59.94785;10.81280,59.94787;10.81306,59.94790;10.81332,59.94792;10.81356,59.94794;10.81382,59.94795;10.81401,59.94796;10.81424,59.94797;10.81441,59.94797;10.81454,59.94797;10.81466,59.94796;10.81476,59.94794;10.81488,59.94793;10.81505,59.94789;10.81521,59.94786;10.81535,59.94784;10.81549,59.94783;10.81566,59.94781;10.81582,59.94781;10.81601,59.94780;10.81621,59.94780;10.81639,59.94780;10.81655,59.94780;10.81671,59.94781;10.81684,59.94781;10.81692,59.94780;10.81696,59.94779;10.81707,59.94776
residential|10.79937,59.94194;10.79923,59.94193;10.79905,59.94193;10.79900,59.94193;10.79863,59.94196;10.79844,59.94196;10.79795,59.94194;10.79739,59.94190;10.79717,59.94188;10.79632,59.94182;10.79595,59.94180;10.79585,59.94179;10.79511,59.94174;10.79446,59.94169;10.79406,59.94166;10.79346,59.94162;10.79334,59.94161;10.79323,59.94161;10.79312,59.94161;10.79301,59.94162;10.79288,59.94164;10.79274,59.94168
residential|10.79238,59.95381;10.79231,59.95381;10.79229,59.95382;10.79224,59.95382;10.79218,59.95383;10.79210,59.95385;10.79114,59.95407;10.79065,59.95419
residential|10.78193,59.94874;10.78202,59.94879;10.78209,59.94884;10.78265,59.94931;10.78271,59.94935;10.78314,59.94969;10.78341,59.94991;10.78362,59.95008;10.78364,59.95009;10.78399,59.95038;10.78422,59.95057;10.78435,59.95067;10.78446,59.95075;10.78500,59.95119;10.78509,59.95127;10.78515,59.95133;10.78527,59.95143;10.78533,59.95147;10.78543,59.95151
residential|10.79239,59.94914;10.79247,59.94911;10.79327,59.94888;10.79339,59.94886;10.79350,59.94886;10.79379,59.94887;10.79387,59.94887;10.79396,59.94885
primary|10.77817,59.93311;10.77822,59.93308;10.77827,59.93305;10.77834,59.93303;10.77841,59.93301;10.77847,59.93300
tertiary|10.80912,59.94293;10.80912,59.94291;10.80914,59.94289;10.80916,59.94288;10.80919,59.94287;10.80922,59.94286
trunk|10.78119,59.93598;10.78068,59.93570;10.78039,59.93554;10.78014,59.93538;10.77984,59.93518;10.77964,59.93503;10.77947,59.93486
primary|10.77861,59.93300;10.77864,59.93300;10.77870,59.93301;10.77875,59.93302;10.77880,59.93304
trunk|10.81357,59.94325;10.81438,59.94342;10.81529,59.94362;10.81652,59.94388;10.81757,59.94411;10.81801,59.94420;10.81838,59.94427;10.81869,59.94432;10.81902,59.94436;10.81933,59.94440;10.81966,59.94442;10.81996,59.94443;10.82030,59.94443;10.82064,59.94443;10.82095,59.94441;10.82135,59.94438;10.82170,59.94434;10.82208,59.94428;10.82250,59.94420;10.82277,59.94414;10.82310,59.94405;10.82346,59.94394;10.82432,59.94362;10.82468,59.94348;10.82499,59.94338;10.82522,59.94331;10.82562,59.94322;10.82600,59.94315;10.82637,59.94310;10.82671,59.94307;10.82712,59.94305;10.82751,59.94304;10.82796,59.94303;10.82836,59.94304;10.82860,59.94306;10.82891,59.94308;10.82947,59.94314;10.82995,59.94320;10.83044,59.94328;10.83104,59.94339;10.83218,59.94361;10.83246,59.94366;10.83274,59.94371;10.83308,59.94375;10.83354,59.94380;10.83397,59.94383;10.83448,59.94385
tertiary|10.81005,59.94235;10.81003,59.94237;10.81000,59.94239;10.80997,59.94240;10.80993,59.94241
trunk|10.79168,59.93967;10.79201,59.93973;10.79248,59.93983;10.79449,59.94017;10.79669,59.94057;10.79859,59.94091
trunk|10.78099,59.93567;10.78140,59.93589;10.78176,59.93607;10.78212,59.93624;10.78238,59.93636
trunk|10.78953,59.93917;10.79016,59.93932;10.79054,59.93941;10.79110,59.93954;10.79168,59.93967
trunk|10.79859,59.94091;10.80033,59.94120;10.80373,59.94181;10.80437,59.94193;10.80482,59.94200;10.80562,59.94212
primary|10.77880,59.93304;10.77885,59.93306;10.77889,59.93309;10.77893,59.93312;10.77895,59.93316;10.77896,59.93319;10.77896,59.93323;10.77894,59.93326;10.77893,59.93329;10.77890,59.93331;10.77887,59.93334
primary|10.77887,59.93334;10.77882,59.93336;10.77875,59.93338;10.77870,59.93339;10.77866,59.93341;10.77862,59.93341;10.77853,59.93341;10.77845,59.93341
residential|10.78200,59.93349;10.78210,59.93354;10.78254,59.93376;10.78258,59.93381;10.78260,59.93386;10.78261,59.93389;10.78255,59.93394;10.78215,59.93416;10.78199,59.93424;10.78078,59.93485;10.78071,59.93486;10.78051,59.93490
tertiary|10.81030,59.92880;10.81012,59.92859
tertiary|10.78478,59.93036;10.78463,59.93030;10.78456,59.93027;10.78450,59.93025;10.78445,59.93022;10.78442,59.93020
residential|10.78399,59.92919;10.78378,59.92921;10.78364,59.92923;10.78339,59.92925;10.78273,59.92932;10.78241,59.92935;10.78205,59.92939;10.78183,59.92941;10.78176,59.92941;10.78165,59.92942;10.78134,59.92945;10.78103,59.92948;10.78084,59.92950;10.78071,59.92952;10.78043,59.92955
residential|10.78512,59.92838;10.78514,59.92833;10.78515,59.92831;10.78524,59.92792;10.78518,59.92752;10.78515,59.92746;10.78507,59.92729;10.78503,59.92721
residential|10.79159,59.92926;10.79162,59.92930;10.79166,59.92937;10.79166,59.92938;10.79200,59.92986;10.79224,59.93011;10.79229,59.93017;10.79261,59.93046;10.79267,59.93051;10.79270,59.93054;10.79274,59.93057;10.79281,59.93064;10.79314,59.93092;10.79355,59.93128;10.79356,59.93128;10.79366,59.93137;10.79371,59.93141;10.79383,59.93153;10.79489,59.93247
residential|10.78642,59.92835;10.78666,59.92843;10.78688,59.92849;10.78690,59.92850;10.78733,59.92862;10.78745,59.92866
residential|10.80450,59.94149;10.80468,59.94141;10.80489,59.94148;10.80565,59.94173;10.80573,59.94174;10.80581,59.94173;10.80587,59.94171;10.80624,59.94147;10.80631,59.94143;10.80633,59.94139;10.80633,59.94135;10.80630,59.94133;10.80625,59.94130;10.80553,59.94102;10.80543,59.94100;10.80534,59.94100;10.80526,59.94101;10.80519,59.94105;10.80468,59.94141
residential|10.80279,59.94012;10.80287,59.94015;10.80293,59.94015;10.80301,59.94015;10.80311,59.94015;10.80322,59.94016;10.80332,59.94017;10.80351,59.94020;10.80392,59.94030;10.80422,59.94037;10.80465,59.94048
residential|10.82941,59.94896;10.82900,59.94903;10.82893,59.94903;10.82888,59.94901;10.82885,59.94899;10.82875,59.94890
residential|10.80047,59.95090;10.80057,59.95072
residential|10.78889,59.95456;10.78884,59.95451;10.78876,59.95446;10.78856,59.95443;10.78708,59.95440;10.78698,59.95442;10.78695,59.95447;10.78698,59.95482;10.78700,59.95504;10.78703,59.95512
tertiary|10.77906,59.93892;10.77969,59.93889;10.77975,59.93889;10.77997,59.93888;10.78010,59.93888;10.78026,59.93889;10.78040,59.93890;10.78054,59.93892
residential|10.82278,59.95189;10.82259,59.95193;10.82238,59.95195;10.82197,59.95197;10.82153,59.95194;10.82123,59.95187;10.82092,59.95179;10.82073,59.95169;10.82059,59.95162;10.82039,59.95144;10.82033,59.95138;10.82011,59.95115;10.81995,59.95094;10.81992,59.95077;10.81987,59.95044;10.81987,59.95025;10.81983,59.95001;10.81977,59.94980;10.81949,59.94926;10.81933,59.94897;10.81900,59.94845
residential|10.82326,59.95170;10.82306,59.95180;10.82289,59.95186;10.82278,59.95189
residential|10.81716,59.94783;10.81726,59.94781;10.81737,59.94780;10.81747,59.94780;10.81754,59.94780;10.81761,59.94781;10.81769,59.94782;10.81782,59.94785;10.81792,59.94788;10.81803,59.94793;10.81858,59.94818;10.81891,59.94834;10.81900,59.94845
unclassified|10.82242,59.95450;10.82245,59.95457;10.82252,59.95467;10.82254,59.95473;10.82254,59.95477;10.82251,59.95481;10.82246,59.95485;10.82239,59.95488;10.82232,59.95490;10.82216,59.95490;10.82191,59.95490;10.82166,59.95489;10.82160,59.95489;10.82154,59.95490;10.82148,59.95492;10.82142,59.95496;10.82139,59.95500;10.82138,59.95504;10.82139,59.95510;10.82149,59.95521;10.82153,59.95526;10.82156,59.95529;10.82157,59.95532;10.82156,59.95534;10.82156,59.95537;10.82153,59.95540;10.82147,59.95543;10.82137,59.95547;10.82124,59.95550
residential|10.81707,59.94776;10.81716,59.94783;10.81748,59.94807;10.81754,59.94811;10.81777,59.94829;10.81792,59.94842;10.81811,59.94860;10.81825,59.94877;10.81834,59.94890;10.81849,59.94913;10.81856,59.94926;10.81861,59.94937;10.81865,59.94951;10.81868,59.94961;10.81867,59.94971;10.81865,59.94982;10.81860,59.94990;10.81854,59.94999;10.81850,59.95003;10.81844,59.95009;10.81834,59.95015;10.81826,59.95020;10.81811,59.95028;10.81798,59.95034;10.81791,59.95038
tertiary|10.82827,59.94607;10.82828,59.94607;10.82843,59.94604;10.82860,59.94600;10.82872,59.94596;10.82888,59.94589;10.82899,59.94583;10.82909,59.94576;10.82917,59.94567;10.82924,59.94559;10.82954,59.94509;10.82962,59.94498;10.82971,59.94489;10.82979,59.94482;10.82995,59.94471;10.83011,59.94463;10.83029,59.94457;10.83045,59.94452;10.83065,59.94447;10.83086,59.94444;10.83110,59.94442;10.83139,59.94441;10.83188,59.94441;10.83196,59.94441;10.83235,59.94441;10.83260,59.94441;10.83407,59.94440;10.83445,59.94441;10.83471,59.94441;10.83508,59.94443;10.83593,59.94448
residential|10.78404,59.92852;10.78427,59.92850;10.78455,59.92847;10.78458,59.92847;10.78509,59.92842
residential|10.82862,59.94757;10.82878,59.94809;10.82889,59.94840;10.82894,59.94851;10.82903,59.94861;10.82915,59.94870;10.82931,59.94881;10.82941,59.94896;10.82948,59.94908;10.82949,59.94920;10.82945,59.94932;10.82935,59.94941;10.82920,59.94949;10.82900,59.94952;10.82850,59.94947;10.82788,59.94939
residential|10.82797,59.94636;10.82815,59.94654;10.82825,59.94667;10.82835,59.94685;10.82842,59.94705;10.82862,59.94757
residential|10.82673,59.94333;10.82653,59.94336;10.82640,59.94337;10.82628,59.94339;10.82613,59.94341;10.82579,59.94348
residential|10.82742,59.94330;10.82720,59.94331;10.82695,59.94332;10.82673,59.94333
residential|10.82778,59.94389;10.82780,59.94394;10.82783,59.94400;10.82790,59.94410;10.82797,59.94416;10.82802,59.94420;10.82811,59.94425;10.82842,59.94438;10.82848,59.94441;10.82853,59.94444
residential|10.82669,59.94297;10.82649,59.94298;10.82638,59.94299;10.82632,59.94299;10.82617,59.94299;10.82600,59.94299;10.82588,59.94298;10.82575,59.94297;10.82555,59.94294;10.82542,59.94291;10.82523,59.94287;10.82412,59.94250;10.82401,59.94246;10.82298,59.94211;10.82277,59.94202;10.82189,59.94171
residential|10.82189,59.94171;10.82180,59.94168
residential|10.82180,59.94168;10.82126,59.94150;10.82055,59.94128;10.82016,59.94116;10.82007,59.94112;10.82004,59.94110;10.82000,59.94108
unclassified|10.81866,59.94378;10.81842,59.94367;10.81828,59.94358;10.81818,59.94347;10.81812,59.94341;10.81806,59.94334;10.81803,59.94327;10.81800,59.94317;10.81799,59.94313;10.81795,59.94202;10.81797,59.94171;10.81796,59.94163;10.81795,59.94159;10.81793,59.94155
unclassified|10.81938,59.94387;10.81930,59.94388;10.81921,59.94388;10.81911,59.94388;10.81900,59.94387;10.81891,59.94386;10.81881,59.94383;10.81870,59.94380;10.81866,59.94378
secondary|10.78567,59.94606;10.78599,59.94609;10.78619,59.94612
tertiary|10.79238,59.95381;10.79238,59.95373;10.79238,59.95369;10.79239,59.95364;10.79240,59.95345;10.79240,59.95343;10.79240,59.95339;10.79243,59.95297;10.79243,59.95280
residential|10.79551,59.95153;10.79570,59.95145;10.79575,59.95143;10.79585,59.95139;10.79593,59.95135;10.79598,59.95133;10.79615,59.95125;10.79626,59.95119;10.79637,59.95112;10.79646,59.95106;10.79654,59.95099;10.79663,59.95091;10.79670,59.95084;10.79675,59.95076;10.79678,59.95069;10.79681,59.95062;10.79685,59.95053;10.79688,59.95043;10.79699,59.95001;10.79708,59.94971;10.79709,59.94965;10.79726,59.94909;10.79732,59.94886;10.79736,59.94873;10.79740,59.94863;10.79742,59.94859;10.79745,59.94853;10.79751,59.94843;10.79757,59.94835;10.79764,59.94828;10.79771,59.94821;10.79778,59.94815;10.79783,59.94812;10.79790,59.94809;10.79795,59.94807;10.79802,59.94805;10.79813,59.94804;10.79826,59.94803;10.79836,59.94802;10.79845,59.94802;10.79853,59.94802;10.79863,59.94803;10.79871,59.94804;10.79880,59.94806;10.79929,59.94821;10.79940,59.94824;10.79948,59.94826;10.79951,59.94827;10.79962,59.94828;10.79970,59.94829;10.79982,59.94829;10.79994,59.94829;10.80007,59.94827;10.80016,59.94826;10.80025,59.94824;10.80034,59.94821;10.80041,59.94818;10.80049,59.94814;10.80057,59.94809;10.80083,59.94791;10.80108,59.94774;10.80112,59.94771;10.80118,59.94769;10.80123,59.94768;10.80129,59.94766;10.80136,59.94765;10.80208,59.94755;10.80228,59.94752;10.80231,59.94751;10.80235,59.94751
tertiary|10.79243,59.95280;10.79244,59.95268;10.79246,59.95247;10.79249,59.95189;10.79249,59.95186;10.79251,59.95158;10.79254,59.95144;10.79262,59.95130;10.79265,59.95124;10.79285,59.95107;10.79294,59.95099;10.79327,59.95076;10.79357,59.95056;10.79370,59.95045;10.79374,59.95040;10.79377,59.95035;10.79378,59.95031;10.79377,59.95023
residential|10.78442,59.95524;10.78435,59.95481;10.78428,59.95436
tertiary|10.81069,59.92925;10.81065,59.92920;10.81055,59.92909
tertiary|10.80732,59.93066;10.80734,59.93057;10.80739,59.93038;10.80744,59.93025;10.80749,59.93014;10.80749,59.93010;10.80749,59.93004;10.80748,59.92999;10.80745,59.92995;10.80739,59.92990;10.80732,59.92986;10.80724,59.92982;10.80715,59.92980;10.80705,59.92978;10.80696,59.92977;10.80688,59.92977;10.80678,59.92978;10.80668,59.92979;10.80626,59.92987;10.80604,59.92991;10.80581,59.92995;10.80536,59.93003;10.80505,59.93010
residential|10.82037,59.94364;10.82035,59.94361;10.82026,59.94349;10.82012,59.94332;10.82007,59.94326;10.81994,59.94309;10.81993,59.94307;10.81990,59.94302;10.81988,59.94291;10.81988,59.94288;10.81989,59.94287;10.81993,59.94285;10.81999,59.94284;10.82014,59.94284;10.82041,59.94284;10.82050,59.94285;10.82058,59.94286
residential|10.82156,59.94264;10.82202,59.94247;10.82232,59.94237;10.82274,59.94222;10.82298,59.94211
secondary|10.77937,59.94526;10.77946,59.94528;10.77953,59.94529;10.77954,59.94530;10.77961,59.94533;10.77966,59.94535;10.77973,59.94538;10.77978,59.94540
tertiary|10.77775,59.94521;10.77767,59.94524;10.77759,59.94528;10.77753,59.94530;10.77737,59.94536
tertiary|10.77737,59.94536;10.77744,59.94527;10.77750,59.94524;10.77757,59.94519;10.77765,59.94514
residential|10.78583,59.93170;10.78579,59.93173;10.78565,59.93183;10.78550,59.93189;10.78526,59.93213;10.78536,59.93215
residential|10.82696,59.93454;10.82717,59.93459;10.82777,59.93477;10.82778,59.93477;10.82793,59.93482;10.82825,59.93489;10.82832,59.93490
tertiary|10.82672,59.92526;10.82664,59.92537;10.82657,59.92546;10.82648,59.92557;10.82639,59.92567;10.82615,59.92592;10.82594,59.92613;10.82525,59.92684;10.82476,59.92732;10.82457,59.92752;10.82430,59.92778;10.82415,59.92794;10.82401,59.92808;10.82393,59.92816;10.82388,59.92824;10.82384,59.92832;10.82381,59.92840;10.82380,59.92849;10.82379,59.92857;10.82381,59.92868;10.82384,59.92876;10.82389,59.92886;10.82395,59.92894;10.82404,59.92903;10.82414,59.92911;10.82426,59.92919;10.82447,59.92933;10.82531,59.92986;10.82549,59.92997;10.82565,59.93006;10.82580,59.93013;10.82596,59.93021;10.82614,59.93029;10.82638,59.93039;10.82642,59.93041;10.82665,59.93049;10.82795,59.93100;10.82851,59.93122;10.82918,59.93147;10.82930,59.93152
tertiary|10.80902,59.94566;10.80907,59.94570;10.80913,59.94574;10.80924,59.94579;10.80946,59.94587;10.80965,59.94590;10.80973,59.94592;10.80982,59.94593;10.81010,59.94597;10.81082,59.94606;10.81102,59.94609;10.81123,59.94612;10.81142,59.94614;10.81161,59.94616;10.81191,59.94620;10.81404,59.94648;10.81415,59.94650;10.81429,59.94652;10.81446,59.94655;10.81472,59.94661;10.81493,59.94666;10.81501,59.94669;10.81513,59.94672;10.81535,59.94679;10.81546,59.94682;10.81558,59.94687;10.81584,59.94697;10.81598,59.94704;10.81604,59.94707;10.81625,59.94719;10.81632,59.94723;10.81640,59.94729;10.81651,59.94736
tertiary|10.78829,59.93181;10.78818,59.93176;10.78814,59.93174;10.78810,59.93172;10.78798,59.93167;10.78793,59.93165;10.78786,59.93163;10.78780,59.93162;10.78773,59.93161;10.78765,59.93160;10.78757,59.93160;10.78751,59.93160;10.78744,59.93161;10.78737,59.93162;10.78730,59.93163;10.78720,59.93165;10.78701,59.93169;10.78691,59.93171;10.78678,59.93174;10.78667,59.93175;10.78655,59.93177;10.78643,59.93177;10.78632,59.93177;10.78622,59.93177;10.78611,59.93176;10.78602,59.93175;10.78592,59.93173;10.78587,59.93171;10.78583,59.93170;10.78575,59.93167;10.78566,59.93163;10.78556,59.93160;10.78547,59.93155;10.78538,59.93151;10.78529,59.93145;10.78522,59.93140;10.78517,59.93135;10.78513,59.93130;10.78510,59.93126;10.78508,59.93121;10.78506,59.93116;10.78504,59.93109;10.78503,59.93102;10.78496,59.93055;10.78495,59.93051;10.78494,59.93047;10.78494,59.93045;10.78492,59.93043;10.78489,59.93041;10.78484,59.93038;10.78478,59.93036
tertiary|10.78442,59.93020;10.78440,59.93018;10.78439,59.93016;10.78437,59.93013;10.78435,59.93009;10.78413,59.92952;10.78404,59.92932;10.78399,59.92919
residential|10.80334,59.94493;10.80385,59.94505;10.80392,59.94507;10.80429,59.94515;10.80432,59.94515;10.80463,59.94522;10.80479,59.94525;10.80497,59.94529
residential|10.81651,59.94736;10.81670,59.94751;10.81707,59.94776
tertiary|10.80805,59.94440;10.80809,59.94445;10.80821,59.94462;10.80826,59.94468;10.80829,59.94473;10.80842,59.94492;10.80862,59.94518;10.80865,59.94522;10.80873,59.94532;10.80890,59.94555;10.80895,59.94560;10.80902,59.94566
residential|10.79065,59.95419;10.79067,59.95426;10.79068,59.95431;10.79068,59.95436;10.79067,59.95441;10.79064,59.95448;10.79059,59.95455;10.79053,59.95461;10.79042,59.95469;10.79033,59.95474;10.79024,59.95478;10.78990,59.95490;10.78969,59.95497;10.78899,59.95520;10.78847,59.95538;10.78829,59.95544;10.78813,59.95551;10.78798,59.95560;10.78784,59.95569;10.78776,59.95575;10.78770,59.95579;10.78765,59.95585;10.78760,59.95592;10.78756,59.95598;10.78754,59.95602
trunk|10.78245,59.93924;10.78280,59.93891;10.78296,59.93875;10.78313,59.93860;10.78331,59.93845
trunk|10.82965,59.93356;10.82990,59.93370;10.83024,59.93391;10.83053,59.93410;10.83084,59.93430;10.83112,59.93451;10.83136,59.93469;10.83202,59.93518;10.83255,59.93558;10.83279,59.93574;10.83294,59.93584;10.83315,59.93598;10.83335,59.93610;10.83355,59.93622;10.83383,59.93637;10.83414,59.93653;10.83441,59.93667;10.83465,59.93679;10.83518,59.93702;10.83564,59.93722;10.83599,59.93735;10.83639,59.93751;10.83674,59.93763;10.83708,59.93775;10.83754,59.93789;10.83798,59.93802;10.83849,59.93817;10.83895,59.93829;10.83934,59.93838;10.83970,59.93846;10.84013,59.93855;10.84056,59.93864;10.84089,59.93870;10.84120,59.93875;10.84151,59.93880;10.84182,59.93885;10.84221,59.93891;10.84258,59.93896;10.84306,59.93901;10.84355,59.93907;10.84751,59.93953;10.84827,59.93962;10.85078,59.93991;10.85281,59.94014;10.85360,59.94023
tertiary|10.81012,59.92859;10.81003,59.92848
trunk|10.81240,59.92762;10.81258,59.92763;10.81277,59.92764;10.81297,59.92766;10.81316,59.92769;10.81332,59.92772;10.81354,59.92776;10.81372,59.92780;10.81424,59.92792;10.81471,59.92804;10.81510,59.92815;10.81551,59.92826;10.81587,59.92837;10.81624,59.92849;10.81659,59.92861;10.81771,59.92899;10.81942,59.92956
residential|10.77417,59.94324;10.77419,59.94323;10.77425,59.94321;10.77511,59.94285;10.77524,59.94279;10.77620,59.94242;10.77632,59.94238;10.77718,59.94192;10.77719,59.94191;10.77723,59.94189
residential|10.82787,59.94389;10.82778,59.94389;10.82647,59.94391;10.82622,59.94395;10.82580,59.94406;10.82518,59.94439;10.82483,59.94455;10.82420,59.94492;10.82406,59.94504;10.82404,59.94507;10.82401,59.94510;10.82325,59.94605;10.82322,59.94618;10.82323,59.94667;10.82322,59.94718;10.82321,59.94727
residential|10.81562,59.93647;10.81551,59.93659;10.81547,59.93666;10.81545,59.93673;10.81546,59.93682;10.81550,59.93689;10.81559,59.93697;10.81570,59.93704;10.81572,59.93706;10.81615,59.93726;10.81635,59.93735;10.81672,59.93748;10.81687,59.93754;10.81725,59.93769;10.81855,59.93805;10.81890,59.93814;10.81914,59.93821;10.81926,59.93824;10.81937,59.93828;10.81944,59.93833;10.81947,59.93841;10.81947,59.93875;10.81946,59.93882;10.81946,59.93909;10.81953,59.93925;10.81969,59.93943;10.81992,59.93958;10.82004,59.93966;10.82057,59.94000;10.82109,59.94035;10.82129,59.94048;10.82145,59.94059
residential|10.82362,59.93797;10.82356,59.93802;10.82354,59.93805;10.82353,59.93809;10.82353,59.93842;10.82353,59.93876;10.82353,59.93910
trunk|10.81176,59.92769;10.81154,59.92770;10.81130,59.92773;10.81103,59.92776;10.81075,59.92780;10.81048,59.92784;10.81030,59.92788;10.81009,59.92791;10.80978,59.92798;10.80949,59.92805;10.80920,59.92812;10.80888,59.92821;10.80865,59.92827;10.80840,59.92835;10.80766,59.92858;10.80723,59.92872;10.80690,59.92882;10.80663,59.92890;10.80639,59.92898
trunk|10.80225,59.92957;10.80230,59.93024;10.80227,59.93062;10.80222,59.93102;10.80214,59.93121
trunk|10.80205,59.92956;10.80204,59.92918;10.80202,59.92865;10.80201,59.92833;10.80200,59.92818;10.80201,59.92805;10.80201,59.92790;10.80203,59.92776;10.80206,59.92759
trunk|10.78825,59.93611;10.78912,59.93581;10.78979,59.93559;10.79041,59.93541;10.79082,59.93531;10.79113,59.93524;10.79230,59.93497;10.79726,59.93386;10.79793,59.93370;10.79842,59.93355;10.79920,59.93326;10.79974,59.93302;10.80044,59.93262;10.80092,59.93223;10.80120,59.93199;10.80145,59.93169;10.80173,59.93126;10.80191,59.93090;10.80194,59.93075;10.80202,59.93034;10.80205,59.92956
trunk|10.80135,59.92854;10.80118,59.92830;10.80096,59.92796
secondary|10.80119,59.92888;10.80118,59.92881;10.80117,59.92875;10.80115,59.92871;10.80113,59.92865;10.80099,59.92842;10.80090,59.92826;10.80081,59.92813;10.80073,59.92803;10.80062,59.92792;10.80052,59.92783;10.80041,59.92774;10.80027,59.92765;10.80011,59.92754;10.80001,59.92747;10.79996,59.92743;10.79990,59.92739
trunk|10.80151,59.92851;10.80162,59.92861;10.80180,59.92875;10.80200,59.92888;10.80222,59.92898;10.80251,59.92908;10.80268,59.92914;10.80317,59.92924;10.80369,59.92929;10.80421,59.92928;10.80465,59.92925;10.80506,59.92921;10.80533,59.92916;10.80578,59.92906;10.80633,59.92891
secondary|10.80137,59.92907;10.80133,59.92907;10.80129,59.92906
secondary|10.80018,59.92738;10.80018,59.92741;10.80019,59.92744;10.80021,59.92748;10.80025,59.92751;10.80029,59.92755;10.80040,59.92762;10.80053,59.92771;10.80063,59.92780;10.80075,59.92789;10.80085,59.92800;10.80093,59.92811;10.80103,59.92824;10.80113,59.92840;10.80119,59.92851;10.80124,59.92860;10.80129,59.92868;10.80133,59.92874;10.80138,59.92878;10.80148,59.92885
trunk|10.80639,59.92898;10.80582,59.92914;10.80531,59.92926;10.80503,59.92932;10.80471,59.92935;10.80420,59.92939;10.80372,59.92939;10.80332,59.92936;10.80294,59.92932;10.80255,59.92923;10.80224,59.92913;10.80193,59.92899;10.80176,59.92888;10.80157,59.92876;10.80145,59.92865;10.80135,59.92854
secondary|10.80169,59.92926;10.80160,59.92921;10.80155,59.92917;10.80148,59.92913;10.80137,59.92907
secondary|10.80188,59.93016;10.80192,59.93020;10.80198,59.93023;10.80209,59.93029;10.80224,59.93036
secondary|10.80188,59.93016;10.80182,59.93011;10.80178,59.93007;10.80177,59.93003;10.80180,59.92997;10.80183,59.92993;10.80186,59.92990;10.80190,59.92985
secondary|10.80169,59.92926;10.80172,59.92932;10.80175,59.92942;10.80177,59.92948;10.80179,59.92957
secondary|10.80279,59.93048;10.80291,59.93045;10.80300,59.93041;10.80310,59.93037;10.80322,59.93032;10.80385,59.92997;10.80391,59.92994;10.80394,59.92992;10.80397,59.92990;10.80401,59.92986;10.80407,59.92982;10.80412,59.92977
secondary|10.80255,59.93059;10.80251,59.93055;10.80249,59.93054;10.80245,59.93050;10.80240,59.93047;10.80232,59.93043;10.80224,59.93036
secondary|10.80224,59.93036;10.80239,59.93038;10.80251,59.93042;10.80257,59.93043;10.80263,59.93045;10.80267,59.93046;10.80273,59.93048
tertiary|10.80455,59.92981;10.80459,59.92984;10.80462,59.92986;10.80468,59.92991;10.80480,59.92999
tertiary|10.80480,59.92999;10.80462,59.92994;10.80452,59.92992;10.80446,59.92990;10.80438,59.92988
tertiary|10.80480,59.92999;10.80505,59.93010
secondary|10.80158,59.92902;10.80161,59.92906;10.80166,59.92913;10.80169,59.92918;10.80169,59.92926
secondary|10.80179,59.92957;10.80188,59.92962;10.80197,59.92966;10.80208,59.92969
secondary|10.80191,59.92977;10.80193,59.92974;10.80197,59.92972;10.80202,59.92970;10.80208,59.92969
secondary|10.80433,59.92988;10.80424,59.92990;10.80416,59.92993;10.80410,59.92995;10.80405,59.92997;10.80401,59.92999;10.80396,59.93001;10.80352,59.93025
secondary|10.80191,59.92977;10.80183,59.92973;10.80181,59.92970;10.80179,59.92965;10.80179,59.92957
tertiary|10.80120,59.92903;10.80111,59.92905;10.80095,59.92906;10.80087,59.92906;10.80063,59.92906
secondary|10.80209,59.92993;10.80200,59.92997;10.80194,59.93001;10.80190,59.93004;10.80188,59.93008;10.80188,59.93016
secondary|10.80255,59.93062;10.80255,59.93060;10.80255,59.93059
secondary|10.80412,59.92977;10.80413,59.92973;10.80417,59.92969;10.80423,59.92967;10.80427,59.92966;10.80432,59.92965
secondary|10.80432,59.92965;10.80444,59.92962;10.80451,59.92959;10.80455,59.92957;10.80465,59.92953;10.80472,59.92949;10.80601,59.92879
secondary|10.80699,59.92837;10.80673,59.92851
trunk|10.83302,59.93603;10.83279,59.93589;10.83259,59.93575;10.83238,59.93561;10.83186,59.93521;10.83122,59.93473;10.83096,59.93454;10.83069,59.93435;10.83037,59.93413;10.83008,59.93394;10.82976,59.93375;10.82950,59.93360;10.82922,59.93344;10.82887,59.93326
unclassified|10.82212,59.93222;10.82204,59.93231
residential|10.82204,59.93231;10.82198,59.93237;10.82195,59.93241;10.82191,59.93244
tertiary|10.82718,59.93391;10.82710,59.93398;10.82705,59.93403;10.82697,59.93410;10.82681,59.93428;10.82670,59.93441;10.82668,59.93445;10.82652,59.93469;10.82635,59.93494;10.82631,59.93500;10.82626,59.93510;10.82616,59.93528;10.82606,59.93547;10.82599,59.93563;10.82598,59.93565;10.82587,59.93595;10.82584,59.93606;10.82578,59.93621;10.82565,59.93663
tertiary|10.82845,59.93272;10.82856,59.93262;10.82863,59.93255;10.82869,59.93248;10.82873,59.93242
tertiary|10.82784,59.93320;10.82790,59.93317;10.82801,59.93310
tertiary|10.82739,59.93369;10.82747,59.93361;10.82751,59.93356;10.82754,59.93352
tertiary|10.82801,59.93310;10.82845,59.93272
tertiary|10.82754,59.93352;10.82757,59.93348;10.82760,59.93345;10.82761,59.93342;10.82762,59.93338
tertiary|10.82783,59.93344;10.82778,59.93346;10.82775,59.93348;10.82770,59.93352;10.82765,59.93356
tertiary|10.82900,59.93221;10.82909,59.93217;10.82920,59.93210;10.82933,59.93200;10.82940,59.93193;10.82945,59.93187;10.82949,59.93182;10.82951,59.93178;10.82953,59.93174
tertiary|10.82804,59.93328;10.82806,59.93330;10.82806,59.93333;10.82804,59.93336;10.82802,59.93339;10.82798,59.93341;10.82793,59.93343;10.82788,59.93344;10.82783,59.93344
tertiary|10.82718,59.93391;10.82724,59.93384;10.82728,59.93379;10.82731,59.93377;10.82735,59.93373;10.82739,59.93369
pedestrian|10.78727,59.95179;10.78724,59.95179;10.78720,59.95179;10.78717,59.95178;10.78714,59.95176;10.78713,59.95175;10.78713,59.95173;10.78714,59.95171;10.78716,59.95170;10.78719,59.95169;10.78722,59.95168;10.78726,59.95168;10.78729,59.95169;10.78732,59.95170;10.78734,59.95172;10.78734,59.95173;10.78734,59.95175;10.78732,59.95177;10.78730,59.95178;10.78727,59.95179
tertiary|10.81625,59.94187;10.81523,59.94207;10.81490,59.94213;10.81437,59.94224;10.81420,59.94227;10.81408,59.94230;10.81396,59.94232;10.81383,59.94233;10.81370,59.94235;10.81356,59.94236;10.81343,59.94236;10.81326,59.94237
tertiary|10.81326,59.94237;10.81311,59.94236;10.81294,59.94236;10.81279,59.94235;10.81268,59.94234;10.81250,59.94232;10.81230,59.94229;10.81186,59.94222;10.81127,59.94212;10.81087,59.94206
residential|10.78043,59.92955;10.78022,59.92941;10.78014,59.92937;10.77980,59.92914;10.77876,59.92841
unclassified|10.81764,59.94127;10.81775,59.94117;10.81778,59.94106;10.81779,59.94091;10.81772,59.94042;10.81773,59.94038;10.81776,59.94036
residential|10.79570,59.94394;10.79605,59.94328;10.79606,59.94326;10.79620,59.94266;10.79624,59.94257;10.79633,59.94248;10.79662,59.94247;10.79806,59.94254;10.79855,59.94256;10.79857,59.94247;10.79860,59.94225;10.79865,59.94207;10.79863,59.94196
trunk|10.78839,59.93621;10.78810,59.93631;10.78780,59.93643
trunk|10.80224,59.92825;10.80222,59.92859;10.80224,59.92917;10.80225,59.92957
trunk|10.80214,59.93121;10.80200,59.93153;10.80173,59.93190;10.80143,59.93220;10.80102,59.93257;10.80058,59.93285;10.80006,59.93315;10.79965,59.93335;10.79925,59.93352;10.79885,59.93366;10.79837,59.93382;10.79781,59.93397;10.79653,59.93427
unclassified|10.79763,59.93153;10.79768,59.93157;10.79850,59.93229;10.79864,59.93243;10.79869,59.93247;10.79870,59.93248
trunk|10.83022,59.94336;10.82984,59.94330;10.82942,59.94324;10.82888,59.94318;10.82839,59.94315;10.82797,59.94314;10.82752,59.94314;10.82713,59.94315;10.82677,59.94317;10.82643,59.94320;10.82607,59.94325;10.82568,59.94332;10.82535,59.94340;10.82507,59.94348;10.82483,59.94356;10.82446,59.94369;10.82360,59.94401;10.82323,59.94413;10.82289,59.94422;10.82255,59.94430;10.82215,59.94438;10.82175,59.94444;10.82133,59.94448;10.82100,59.94451;10.82065,59.94453;10.82031,59.94453;10.81997,59.94453;10.81969,59.94452;10.81948,59.94451;10.81924,59.94449;10.81897,59.94446;10.81863,59.94442;10.81829,59.94436;10.81791,59.94429;10.81751,59.94420;10.81643,59.94397;10.81477,59.94361;10.81338,59.94331
residential|10.81219,59.93645;10.81230,59.93656;10.81249,59.93676;10.81270,59.93694;10.81327,59.93731;10.81388,59.93757;10.81424,59.93770;10.81431,59.93772;10.81505,59.93793;10.81557,59.93808;10.81559,59.93809;10.81601,59.93820;10.81652,59.93834;10.81751,59.93863
tertiary|10.81406,59.93242;10.81412,59.93254;10.81416,59.93261;10.81422,59.93270;10.81424,59.93274;10.81427,59.93278;10.81430,59.93285;10.81435,59.93296;10.81437,59.93303;10.81452,59.93343;10.81455,59.93350;10.81460,59.93365;10.81467,59.93386;10.81470,59.93397;10.81471,59.93403;10.81471,59.93408;10.81470,59.93412;10.81467,59.93419;10.81462,59.93432;10.81459,59.93440;10.81458,59.93446;10.81458,59.93451;10.81459,59.93459;10.81462,59.93467;10.81467,59.93476;10.81476,59.93486;10.81482,59.93493;10.81490,59.93500;10.81492,59.93501;10.81502,59.93510;10.81517,59.93520;10.81526,59.93527;10.81536,59.93534;10.81544,59.93539;10.81547,59.93541;10.81566,59.93553;10.81572,59.93557;10.81582,59.93563;10.81590,59.93567;10.81608,59.93578;10.81630,59.93590;10.81637,59.93594;10.81650,59.93601;10.81683,59.93618;10.81707,59.93629;10.81734,59.93642;10.81754,59.93651;10.81767,59.93656;10.81783,59.93662
residential|10.81783,59.93662;10.81766,59.93668;10.81752,59.93672;10.81736,59.93674;10.81724,59.93675;10.81711,59.93675;10.81698,59.93674;10.81685,59.93671;10.81628,59.93660;10.81562,59.93647;10.81543,59.93643;10.81529,59.93641;10.81508,59.93639;10.81489,59.93638;10.81472,59.93638;10.81454,59.93638;10.81423,59.93638;10.81415,59.93638;10.81369,59.93639;10.81275,59.93641;10.81256,59.93642;10.81230,59.93643;10.81219,59.93645
tertiary|10.82777,59.94611;10.82791,59.94611;10.82803,59.94610;10.82818,59.94608;10.82827,59.94607
tertiary|10.80870,59.93529;10.80868,59.93516;10.80865,59.93487;10.80862,59.93450;10.80861,59.93437;10.80859,59.93427;10.80857,59.93420;10.80856,59.93414;10.80853,59.93408;10.80847,59.93399;10.80839,59.93387;10.80828,59.93370;10.80803,59.93333;10.80794,59.93319;10.80790,59.93311;10.80786,59.93301;10.80784,59.93292;10.80777,59.93256
secondary|10.77806,59.94509;10.77818,59.94511;10.77891,59.94519
trunk|10.78346,59.93849;10.78327,59.93864;10.78310,59.93879;10.78292,59.93896;10.78265,59.93927
trunk|10.78720,59.93652;10.78745,59.93642
trunk|10.80110,59.92792;10.80115,59.92801;10.80123,59.92812;10.80133,59.92828;10.80143,59.92840;10.80151,59.92851
secondary|10.79147,59.93482;10.79153,59.93484;10.79157,59.93486;10.79161,59.93488;10.79163,59.93490;10.79164,59.93493
secondary|10.79207,59.93464;10.79246,59.93449;10.79274,59.93439;10.79297,59.93430;10.79315,59.93424;10.79338,59.93416;10.79347,59.93413;10.79352,59.93412;10.79376,59.93404;10.79501,59.93364
tertiary|10.79116,59.93489;10.79112,59.93483;10.79108,59.93479;10.79106,59.93477;10.79103,59.93474;10.79098,59.93467
residential|10.79163,59.93498;10.79167,59.93503;10.79171,59.93508;10.79174,59.93512;10.79176,59.93514;10.79180,59.93521
residential|10.79180,59.93521;10.79168,59.93517;10.79165,59.93515;10.79158,59.93512;10.79150,59.93509;10.79142,59.93507
tertiary|10.79098,59.93467;10.79109,59.93471;10.79115,59.93473;10.79118,59.93474;10.79126,59.93478;10.79133,59.93480;10.79139,59.93482
unclassified|10.79870,59.93248;10.79877,59.93254;10.79879,59.93255;10.79884,59.93259;10.79895,59.93268;10.79901,59.93273;10.79926,59.93299
residential|10.79489,59.93247;10.79565,59.93313;10.79569,59.93316;10.79586,59.93331;10.79589,59.93334
residential|10.79185,59.93524;10.79203,59.93518;10.79227,59.93509;10.79235,59.93508;10.79243,59.93506;10.79252,59.93505;10.79261,59.93505;10.79284,59.93506
pedestrian|10.82220,59.93851;10.82220,59.93867;10.82219,59.93894;10.82218,59.93900;10.82216,59.93900;10.82212,59.93900;10.82209,59.93894;10.82188,59.93894;10.82182,59.93894;10.82175,59.93894;10.82175,59.93864;10.82176,59.93851;10.82183,59.93851;10.82217,59.93850;10.82215,59.93849;10.82220,59.93849;10.82220,59.93851
residential|10.78605,59.93414;10.78600,59.93420;10.78578,59.93444;10.78499,59.93532;10.78484,59.93548;10.78440,59.93595;10.78411,59.93628;10.78405,59.93634;10.78397,59.93645;10.78395,59.93658;10.78399,59.93663;10.78406,59.93668;10.78414,59.93671;10.78423,59.93673
secondary|10.79818,59.93273;10.79761,59.93292;10.79621,59.93336;10.79601,59.93342;10.79586,59.93347;10.79385,59.93411;10.79365,59.93417;10.79346,59.93423;10.79325,59.93431;10.79307,59.93437;10.79284,59.93445;10.79259,59.93455;10.79234,59.93464
residential|10.79659,59.93062;10.79647,59.93065;10.79508,59.93103;10.79382,59.93139;10.79371,59.93141
residential|10.79162,59.92930;10.79151,59.92931;10.79109,59.92937;10.79037,59.92953;10.78976,59.92970;10.78941,59.92981;10.78920,59.92988;10.78894,59.92997;10.78811,59.93032;10.78755,59.93061;10.78719,59.93082;10.78769,59.93102;10.78819,59.93123
residential|10.79042,59.93063;10.79081,59.93099;10.79085,59.93102;10.79089,59.93105
residential|10.79147,59.92905;10.79159,59.92926
residential|10.78819,59.93123;10.78857,59.93111;10.78930,59.93092;10.78984,59.93078;10.79042,59.93063;10.79073,59.93054
residential|10.78172,59.92846;10.78172,59.92839;10.78172,59.92835;10.78173,59.92829;10.78170,59.92819;10.78158,59.92804;10.78124,59.92766
tertiary|10.79551,59.95153;10.79567,59.95159;10.79580,59.95164;10.79595,59.95170;10.79602,59.95174;10.79611,59.95179;10.79622,59.95186;10.79633,59.95194;10.79668,59.95219;10.79684,59.95232;10.79692,59.95238;10.79695,59.95241;10.79709,59.95255;10.79713,59.95258;10.79719,59.95265;10.79723,59.95270;10.79727,59.95275;10.79730,59.95280;10.79732,59.95284;10.79739,59.95301;10.79741,59.95306;10.79743,59.95311;10.79747,59.95319;10.79764,59.95351;10.79785,59.95393;10.79789,59.95400;10.79793,59.95407;10.79815,59.95444;10.79824,59.95459;10.79838,59.95484;10.79843,59.95494;10.79848,59.95503;10.79850,59.95509;10.79851,59.95516;10.79852,59.95522;10.79852,59.95524;10.79854,59.95541;10.79854,59.95552;10.79855,59.95556;10.79855,59.95565;10.79853,59.95574;10.79838,59.95653;10.79832,59.95682;10.79830,59.95694;10.79821,59.95726;10.79820,59.95735;10.79818,59.95743;10.79817,59.95756;10.79816,59.95777;10.79818,59.95800;10.79820,59.95810;10.79821,59.95818;10.79822,59.95823;10.79821,59.95827;10.79821,59.95835
residential|10.78382,59.92854;10.78383,59.92854;10.78404,59.92852
unclassified|10.81018,59.94195;10.81025,59.94188;10.81070,59.94141
unclassified|10.81073,59.94137;10.81029,59.94129;10.81025,59.94127;10.81023,59.94126;10.81022,59.94124;10.81022,59.94121;10.81021,59.94118;10.81016,59.94115;10.81005,59.94110;10.80986,59.94104;10.80966,59.94096;10.80964,59.94094;10.80963,59.94092;10.80963,59.94090;10.80978,59.94070
unclassified|10.81073,59.94144;10.81072,59.94143;10.81070,59.94142;10.81070,59.94141;10.81073,59.94137;10.81076,59.94136;10.81081,59.94136;10.81085,59.94136;10.81088,59.94137;10.81090,59.94138;10.81091,59.94139;10.81092,59.94141;10.81089,59.94145;10.81086,59.94145;10.81083,59.94146;10.81081,59.94146;10.81077,59.94145;10.81073,59.94144
tertiary|10.81032,59.94201;10.81024,59.94208;10.81012,59.94219;10.81009,59.94223;10.81005,59.94230
residential|10.79185,59.93524;10.79184,59.93524;10.79180,59.93521
tertiary|10.79067,59.93448;10.79031,59.93426;10.79017,59.93416;10.79004,59.93406;10.78994,59.93396;10.78991,59.93394;10.78984,59.93386;10.78983,59.93384;10.78978,59.93379;10.78973,59.93371;10.78966,59.93360;10.78960,59.93348;10.78953,59.93335;10.78944,59.93317;10.78941,59.93310;10.78931,59.93290;10.78919,59.93267;10.78917,59.93262;10.78907,59.93243;10.78899,59.93229;10.78883,59.93212;10.78872,59.93205;10.78864,59.93199;10.78848,59.93190;10.78834,59.93183;10.78829,59.93181
tertiary|10.78289,59.93931;10.78286,59.93935;10.78282,59.93940
residential|10.79482,59.93521;10.79534,59.93528;10.79541,59.93529;10.79584,59.93535;10.79603,59.93538;10.79634,59.93544;10.79684,59.93552;10.79721,59.93561;10.79804,59.93580;10.79816,59.93582;10.79835,59.93588;10.79881,59.93599;10.79889,59.93601;10.79937,59.93614;10.79958,59.93616
tertiary|10.77618,59.94595;10.77625,59.94593;10.77633,59.94590;10.77648,59.94585;10.77662,59.94578;10.77686,59.94566
residential|10.80085,59.94226;10.80093,59.94229;10.80116,59.94231;10.80143,59.94234
secondary|10.80433,59.92988;10.80427,59.92987;10.80419,59.92985;10.80414,59.92981;10.80412,59.92977
secondary|10.80432,59.92965;10.80439,59.92966;10.80445,59.92967;10.80450,59.92969;10.80454,59.92972;10.80457,59.92975
secondary|10.80457,59.92975;10.80457,59.92978;10.80455,59.92981;10.80451,59.92984;10.80445,59.92986;10.80438,59.92988;10.80433,59.92988
secondary|10.80303,59.93059;10.80303,59.93062;10.80300,59.93066;10.80296,59.93069;10.80290,59.93071;10.80284,59.93072;10.80277,59.93072
secondary|10.80279,59.93048;10.80286,59.93049;10.80292,59.93050;10.80297,59.93053;10.80301,59.93055;10.80303,59.93059
secondary|10.80277,59.93072;10.80270,59.93072;10.80265,59.93070;10.80260,59.93068;10.80257,59.93065;10.80255,59.93062
trunk|10.77249,59.95201;10.77279,59.95193;10.77413,59.95158;10.77465,59.95145;10.77501,59.95134;10.77529,59.95124;10.77542,59.95120;10.77554,59.95115;10.77579,59.95104;10.77607,59.95090;10.77632,59.95076;10.77658,59.95059
trunk|10.78183,59.94014;10.78199,59.93988;10.78220,59.93957;10.78245,59.93924
trunk|10.78203,59.94017;10.78190,59.94043;10.78181,59.94061;10.78152,59.94123;10.78148,59.94132;10.78117,59.94198;10.78101,59.94229;10.78077,59.94273;10.78061,59.94303
primary|10.77712,59.92718;10.77757,59.92779;10.77780,59.92815;10.77796,59.92840;10.77799,59.92847;10.77800,59.92853
residential|10.80862,59.94572;10.80869,59.94570;10.80874,59.94568;10.80880,59.94566;10.80887,59.94563;10.80895,59.94560
residential|10.80902,59.94566;10.80895,59.94568;10.80888,59.94571;10.80884,59.94572;10.80879,59.94573;10.80870,59.94573;10.80862,59.94572
trunk|10.78274,59.93652;10.78319,59.93673;10.78380,59.93700;10.78440,59.93729;10.78503,59.93760;10.78573,59.93792;10.78614,59.93810;10.78653,59.93826
trunk|10.78266,59.93669;10.78230,59.93653
trunk|10.78238,59.93636;10.78274,59.93652
trunk|10.78230,59.93653;10.78199,59.93639;10.78167,59.93623;10.78119,59.93598
tertiary|10.80969,59.94243;10.80973,59.94236
tertiary|10.80947,59.94284;10.80944,59.94288;10.80943,59.94293
tertiary|10.80931,59.94280;10.80936,59.94277;10.80941,59.94273;10.80952,59.94262;10.80962,59.94252;10.80966,59.94248;10.80969,59.94243
tertiary|10.80988,59.94245;10.80979,59.94253;10.80965,59.94265;10.80954,59.94277;10.80947,59.94284
tertiary|10.80936,59.94300;10.80927,59.94307;10.80918,59.94313;10.80911,59.94317;10.80901,59.94322
tertiary|10.80901,59.94322;10.80905,59.94315;10.80907,59.94310;10.80909,59.94307;10.80912,59.94302;10.80914,59.94298
tertiary|10.80993,59.94241;10.80988,59.94241;10.80983,59.94241;10.80979,59.94240;10.80975,59.94238;10.80973,59.94236
tertiary|10.80914,59.94298;10.80913,59.94297;10.80912,59.94296;10.80912,59.94294;10.80912,59.94293
tertiary|10.80943,59.94293;10.80943,59.94295;10.80942,59.94296;10.80941,59.94298;10.80939,59.94299
tertiary|10.80936,59.94300;10.80933,59.94301;10.80929,59.94302;10.80926,59.94302;10.80922,59.94301;10.80919,59.94300;10.80917,59.94299;10.80914,59.94298
tertiary|10.82972,59.93158;10.82980,59.93153;10.82987,59.93149;10.82989,59.93148;10.82993,59.93145;10.83003,59.93139
tertiary|10.82952,59.93170;10.82947,59.93165;10.82943,59.93162;10.82939,59.93159;10.82937,59.93158;10.82930,59.93152
tertiary|10.82930,59.93152;10.82942,59.93155;10.82944,59.93155;10.82948,59.93156;10.82954,59.93157;10.82965,59.93159
residential|10.82151,59.94057;10.82157,59.94061;10.82167,59.94067;10.82230,59.94123
unclassified|10.81032,59.94201;10.81027,59.94200;10.81021,59.94197;10.81018,59.94195
tertiary|10.81087,59.94206;10.81061,59.94205;10.81052,59.94204;10.81043,59.94203;10.81032,59.94201
tertiary|10.81018,59.94195;10.81025,59.94194;10.81031,59.94194;10.81038,59.94195;10.81055,59.94198;10.81066,59.94200;10.81087,59.94206
tertiary|10.78216,59.93916;10.78203,59.93913;10.78197,59.93911;10.78168,59.93905
tertiary|10.78222,59.93908;10.78234,59.93910;10.78269,59.93917;10.78280,59.93921;10.78284,59.93923;10.78287,59.93925;10.78288,59.93927;10.78289,59.93929;10.78289,59.93931
tertiary|10.82873,59.93242;10.82871,59.93240;10.82870,59.93237;10.82869,59.93235;10.82870,59.93232;10.82872,59.93229;10.82875,59.93227;10.82879,59.93224;10.82884,59.93223
tertiary|10.82762,59.93338;10.82760,59.93336;10.82759,59.93334
tertiary|10.82995,59.93163;10.82998,59.93166;10.83000,59.93169;10.82999,59.93172;10.82998,59.93174;10.82995,59.93177;10.82991,59.93179;10.82986,59.93181;10.82981,59.93182
tertiary|10.82953,59.93174;10.82952,59.93172;10.82952,59.93170
tertiary|10.81005,59.94230;10.81005,59.94232;10.81006,59.94233;10.81005,59.94235
tertiary|10.82784,59.93320;10.82790,59.93321;10.82796,59.93322;10.82801,59.93325;10.82804,59.93328
tertiary|10.82900,59.93221;10.82905,59.93222;10.82911,59.93223;10.82915,59.93225;10.82919,59.93227;10.82922,59.93230
tertiary|10.82898,59.93249;10.82892,59.93249;10.82886,59.93248;10.82881,59.93246;10.82876,59.93244;10.82873,59.93242
tertiary|10.80986,59.94224;10.80991,59.94224;10.80995,59.94225;10.80999,59.94226;10.81003,59.94228;10.81005,59.94230
tertiary|10.80973,59.94236;10.80972,59.94234;10.80971,59.94232;10.80972,59.94230;10.80974,59.94228;10.80977,59.94226
tertiary|10.82783,59.93344;10.82778,59.93344;10.82773,59.93343;10.82769,59.93342;10.82765,59.93340;10.82762,59.93338
tertiary|10.82981,59.93182;10.82975,59.93182;10.82969,59.93182;10.82964,59.93180;10.82959,59.93179;10.82955,59.93176;10.82953,59.93174
residential|10.79240,59.95345;10.79224,59.95344;10.79205,59.95340;10.79177,59.95335;10.79145,59.95330;10.79115,59.95326;10.79090,59.95323;10.79052,59.95321;10.79040,59.95320;10.79024,59.95319;10.79013,59.95319;10.78977,59.95318;10.78942,59.95318;10.78935,59.95318;10.78868,59.95318;10.78860,59.95318;10.78738,59.95317;10.78653,59.95316;10.78557,59.95316;10.78546,59.95316;10.78543,59.95316
tertiary|10.80922,59.94286;10.80925,59.94286;10.80929,59.94286;10.80932,59.94286;10.80936,59.94287;10.80938,59.94288;10.80941,59.94289;10.80942,59.94291;10.80943,59.94293
residential|10.82355,59.94008;10.82357,59.94011;10.82358,59.94014;10.82358,59.94019;10.82358,59.94025;10.82306,59.94173;10.82302,59.94181;10.82296,59.94187;10.82277,59.94202
tertiary|10.82362,59.93797;10.82381,59.93803;10.82391,59.93806;10.82398,59.93808;10.82417,59.93813;10.82436,59.93817;10.82452,59.93819;10.82461,59.93821;10.82469,59.93822;10.82484,59.93823;10.82500,59.93825;10.82519,59.93826;10.82529,59.93826;10.82540,59.93827
residential|10.81238,59.93203;10.81255,59.93203;10.81258,59.93204;10.81271,59.93204;10.81288,59.93206;10.81299,59.93208;10.81313,59.93211;10.81328,59.93215;10.81345,59.93221;10.81352,59.93224;10.81361,59.93227;10.81380,59.93235;10.81390,59.93239;10.81398,59.93241;10.81406,59.93242
tertiary|10.81783,59.93662;10.81789,59.93664;10.81821,59.93675;10.81831,59.93678;10.81851,59.93685;10.81868,59.93691;10.81897,59.93699;10.81909,59.93702;10.81925,59.93706;10.81936,59.93708;10.81947,59.93710;10.81950,59.93711;10.81959,59.93711;10.81969,59.93713;10.81983,59.93714;10.81997,59.93715;10.82014,59.93716;10.82028,59.93717;10.82041,59.93717;10.82060,59.93717;10.82169,59.93716;10.82183,59.93716;10.82196,59.93718;10.82209,59.93719;10.82221,59.93721;10.82232,59.93724;10.82241,59.93727;10.82249,59.93730;10.82257,59.93733;10.82266,59.93737;10.82272,59.93741;10.82278,59.93745;10.82284,59.93751;10.82298,59.93764;10.82303,59.93769;10.82309,59.93774;10.82326,59.93782;10.82331,59.93785;10.82336,59.93787;10.82349,59.93792;10.82362,59.93797
tertiary|10.81255,59.93050;10.81328,59.93070;10.81338,59.93073;10.81346,59.93077;10.81351,59.93080;10.81354,59.93084;10.81358,59.93090;10.81360,59.93098;10.81366,59.93126;10.81374,59.93158;10.81381,59.93181;10.81383,59.93186;10.81389,59.93202;10.81400,59.93229;10.81406,59.93242
tertiary|10.81936,59.94123;10.81854,59.94143;10.81825,59.94149;10.81793,59.94155;10.81789,59.94156;10.81700,59.94173;10.81679,59.94177;10.81671,59.94178;10.81646,59.94183;10.81625,59.94187
residential|10.81238,59.93203;10.81237,59.93199;10.81234,59.93187;10.81223,59.93146;10.81221,59.93140;10.81221,59.93134;10.81220,59.93129;10.81222,59.93124;10.81223,59.93119;10.81224,59.93116;10.81228,59.93107;10.81235,59.93091;10.81247,59.93062;10.81251,59.93056;10.81255,59.93050
secondary|10.80208,59.92969;10.80216,59.92969;10.80224,59.92970;10.80231,59.92973;10.80235,59.92976;10.80237,59.92980;10.80237,59.92984;10.80234,59.92987;10.80229,59.92990;10.80223,59.92992;10.80216,59.92993;10.80209,59.92993
secondary|10.80273,59.93048;10.80276,59.93048;10.80279,59.93048
secondary|10.80255,59.93059;10.80257,59.93055;10.80261,59.93052;10.80266,59.93050;10.80273,59.93048
secondary|10.80190,59.92985;10.80189,59.92983;10.80189,59.92981;10.80189,59.92979;10.80191,59.92977
secondary|10.80158,59.92902;10.80154,59.92904;10.80149,59.92906;10.80143,59.92907;10.80137,59.92907
secondary|10.80148,59.92885;10.80155,59.92887;10.80159,59.92890;10.80161,59.92894;10.80161,59.92898;10.80158,59.92902
secondary|10.80119,59.92888;10.80124,59.92886;10.80129,59.92884;10.80136,59.92884;10.80142,59.92884;10.80148,59.92885
secondary|10.80209,59.92993;10.80204,59.92992;10.80199,59.92991;10.80195,59.92989;10.80192,59.92987;10.80190,59.92985
tertiary|10.80777,59.93256;10.80775,59.93247;10.80774,59.93241;10.80768,59.93220;10.80760,59.93194;10.80749,59.93158;10.80745,59.93145;10.80740,59.93126;10.80732,59.93100;10.80731,59.93090;10.80730,59.93081;10.80732,59.93066
tertiary|10.82759,59.93334;10.82758,59.93332;10.82759,59.93329;10.82760,59.93327;10.82763,59.93325;10.82766,59.93323;10.82770,59.93322;10.82774,59.93321;10.82779,59.93320;10.82784,59.93320
secondary|10.77765,59.94514;10.77765,59.94512;10.77767,59.94509;10.77769,59.94508
secondary|10.77775,59.94521;10.77771,59.94520;10.77768,59.94518;10.77766,59.94516;10.77765,59.94514
secondary|10.77795,59.94517;10.77793,59.94518;10.77792,59.94519;10.77788,59.94521;10.77783,59.94521
secondary|10.77769,59.94508;10.77747,59.94499;10.77705,59.94480;10.77684,59.94471;10.77664,59.94462;10.77655,59.94457;10.77640,59.94449;10.77612,59.94434;10.77597,59.94426;10.77559,59.94406
secondary|10.77486,59.94363;10.77497,59.94367;10.77508,59.94371;10.77566,59.94403;10.77620,59.94432;10.77648,59.94447;10.77672,59.94459;10.77690,59.94468;10.77710,59.94476;10.77753,59.94495;10.77765,59.94500;10.77772,59.94503;10.77780,59.94505
secondary|10.77769,59.94508;10.77771,59.94507;10.77772,59.94507;10.77776,59.94506;10.77780,59.94505
secondary|10.79130,59.93506;10.79125,59.93505;10.79121,59.93503;10.79118,59.93501;10.79115,59.93498;10.79114,59.93496
secondary|10.79114,59.93496;10.79114,59.93494;10.79115,59.93491;10.79116,59.93489;10.79119,59.93487;10.79123,59.93485;10.79128,59.93483;10.79133,59.93482;10.79139,59.93482;10.79143,59.93482;10.79147,59.93482
secondary|10.79164,59.93493;10.79164,59.93496;10.79163,59.93498;10.79160,59.93502;10.79156,59.93504;10.79149,59.93506;10.79142,59.93507;10.79136,59.93507;10.79130,59.93506
secondary|10.80114,59.92895;10.80115,59.92893;10.80115,59.92892;10.80117,59.92890;10.80119,59.92888
secondary|10.80129,59.92906;10.80124,59.92905;10.80120,59.92903;10.80117,59.92900;10.80115,59.92898;10.80115,59.92897;10.80114,59.92895
residential|10.80073,59.95043;10.80070,59.95051
residential|10.77434,59.95412;10.77471,59.95400;10.77483,59.95397;10.77506,59.95390;10.77533,59.95382;10.77570,59.95370;10.77606,59.95359;10.77636,59.95349;10.77667,59.95336;10.77674,59.95334;10.77722,59.95312;10.77758,59.95294;10.77763,59.95291;10.77767,59.95288;10.77781,59.95279;10.77803,59.95265;10.77814,59.95257;10.77817,59.95255;10.77841,59.95235;10.77862,59.95216;10.77969,59.95105;10.77978,59.95098;10.77980,59.95095;10.78041,59.95032;10.78067,59.95005;10.78071,59.95001;10.78186,59.94882;10.78193,59.94874;10.78197,59.94866;10.78229,59.94803;10.78230,59.94801;10.78241,59.94775;10.78259,59.94736;10.78270,59.94714;10.78274,59.94704;10.78287,59.94675;10.78294,59.94660;10.78301,59.94645;10.78304,59.94637;10.78315,59.94615;10.78326,59.94591;10.78327,59.94588;10.78329,59.94585
residential|10.81946,59.93909;10.81869,59.93908;10.81858,59.93908;10.81788,59.93908
residential|10.81869,59.93908;10.81879,59.93933
tertiary|10.82535,59.93862;10.82528,59.93901;10.82521,59.93927;10.82514,59.93949;10.82502,59.93985;10.82501,59.93987;10.82499,59.93996;10.82495,59.94008
residential|10.79406,59.92644;10.79428,59.92655;10.79437,59.92660;10.79490,59.92690;10.79544,59.92719;10.79622,59.92761;10.79645,59.92774;10.79707,59.92808;10.79713,59.92812;10.79715,59.92814;10.79716,59.92817;10.79715,59.92820;10.79713,59.92823;10.79710,59.92825;10.79705,59.92826;10.79689,59.92828;10.79617,59.92837;10.79557,59.92845;10.79471,59.92855;10.79387,59.92865;10.79336,59.92872;10.79328,59.92873;10.79257,59.92881;10.79200,59.92887;10.79158,59.92891;10.79151,59.92891;10.79141,59.92892
trunk|10.82782,59.93265;10.82819,59.93282;10.82858,59.93300;10.82897,59.93319;10.82938,59.93341;10.82965,59.93356
trunk|10.82887,59.93326;10.82847,59.93306;10.82806,59.93287;10.82777,59.93274
trunk|10.82656,59.93215;10.82720,59.93240;10.82754,59.93253;10.82782,59.93265
trunk|10.82777,59.93274;10.82681,59.93235
trunk|10.81942,59.92956;10.82062,59.92996
trunk|10.82130,59.93019;10.82183,59.93037;10.82208,59.93046
trunk|10.82062,59.92996;10.82130,59.93019
trunk|10.82208,59.93046;10.82235,59.93055;10.82290,59.93074;10.82377,59.93107;10.82656,59.93215
trunk|10.82365,59.93112;10.82299,59.93087
trunk|10.82299,59.93087;10.82265,59.93075;10.82226,59.93062;10.82186,59.93048
trunk|10.80718,59.92866;10.80759,59.92853;10.80851,59.92825;10.80875,59.92817
trunk|10.80633,59.92891;10.80668,59.92882;10.80718,59.92866
trunk|10.82186,59.93048;10.82122,59.93027;10.82024,59.92994
trunk|10.79653,59.93427;10.79384,59.93487;10.79011,59.93570;10.78955,59.93584;10.78906,59.93598;10.78839,59.93621
trunk|10.77658,59.95059;10.77681,59.95040;10.77695,59.95025;10.77708,59.95010;10.77720,59.94990;10.77733,59.94969
secondary|10.79147,59.93482;10.79157,59.93481;10.79162,59.93480;10.79169,59.93479;10.79174,59.93477;10.79207,59.93464
secondary|10.79234,59.93464;10.79223,59.93468;10.79212,59.93472;10.79201,59.93476;10.79183,59.93482;10.79177,59.93485;10.79172,59.93488;10.79168,59.93490;10.79164,59.93493
secondary|10.79501,59.93364;10.79514,59.93360;10.79528,59.93356;10.79543,59.93352;10.79555,59.93349;10.79578,59.93341;10.79592,59.93336
secondary|10.79646,59.93318;10.79721,59.93294;10.79782,59.93275
secondary|10.79947,59.93232;10.79939,59.93235;10.79927,59.93238;10.79913,59.93242;10.79893,59.93249;10.79877,59.93254;10.79854,59.93261;10.79848,59.93263;10.79839,59.93266;10.79830,59.93269;10.79818,59.93273
secondary|10.80063,59.93184;10.80059,59.93186;10.80037,59.93197;10.80021,59.93204;10.80007,59.93211;10.79992,59.93217;10.79977,59.93222;10.79963,59.93227;10.79947,59.93232
secondary|10.79870,59.93248;10.79886,59.93243;10.79896,59.93240;10.79906,59.93237;10.79915,59.93233;10.79923,59.93230
secondary|10.79923,59.93230;10.79950,59.93222;10.79966,59.93216;10.79983,59.93210;10.79995,59.93206;10.80011,59.93199;10.80021,59.93194;10.80027,59.93191;10.80047,59.93181;10.80194,59.93099
unclassified|10.82881,59.93981;10.82887,59.93988;10.82896,59.94006;10.82903,59.94021;10.82903,59.94030;10.82902,59.94040;10.82897,59.94048;10.82890,59.94057;10.82884,59.94062;10.82878,59.94067;10.82870,59.94071;10.82859,59.94076;10.82841,59.94082;10.82813,59.94090;10.82730,59.94113;10.82708,59.94120;10.82690,59.94128;10.82673,59.94137;10.82659,59.94145;10.82638,59.94160;10.82625,59.94171;10.82611,59.94183;10.82596,59.94199;10.82523,59.94287
secondary|10.80680,59.92836;10.80689,59.92831
residential|10.77723,59.94189;10.77732,59.94190;10.77741,59.94192;10.77752,59.94194;10.77759,59.94195;10.77767,59.94195;10.77775,59.94193;10.77786,59.94188;10.77816,59.94150;10.77838,59.94135;10.77851,59.94131;10.77858,59.94130;10.77883,59.94130;10.77929,59.94135;10.77978,59.94140
pedestrian|10.79340,59.93074;10.79346,59.93072;10.79349,59.93071;10.79352,59.93069;10.79355,59.93067;10.79355,59.93065;10.79355,59.93062;10.79353,59.93059;10.79349,59.93056;10.79346,59.93055;10.79341,59.93056;10.79332,59.93049;10.79330,59.93047;10.79295,59.93058;10.79292,59.93058;10.79294,59.93060;10.79317,59.93080;10.79319,59.93080;10.79340,59.93074
residential|10.79534,59.95159;10.79551,59.95153
residential|10.82353,59.93910;10.82353,59.93923;10.82353,59.93945;10.82352,59.94000;10.82352,59.94001;10.82353,59.94005;10.82355,59.94008
living_street|10.82139,59.95419;10.82154,59.95439;10.82097,59.95452;10.82014,59.95467;10.81995,59.95468
secondary|10.78078,59.94551;10.78062,59.94550;10.78013,59.94544;10.78009,59.94544;10.78004,59.94543;10.77978,59.94540
residential|10.78819,59.93123;10.78832,59.93124;10.78844,59.93126;10.78854,59.93130;10.78881,59.93152;10.78889,59.93158
pedestrian|10.79542,59.92948;10.79492,59.92900;10.79482,59.92891
secondary|10.80639,59.92858;10.80659,59.92847
residential|10.82589,59.94735;10.82545,59.94735
secondary|10.80277,59.93072;10.80269,59.93075;10.80262,59.93077;10.80257,59.93079;10.80248,59.93083;10.80230,59.93093;10.80063,59.93184
secondary|10.79782,59.93275;10.79828,59.93262;10.79848,59.93255;10.79870,59.93248
secondary|10.79592,59.93336;10.79613,59.93330;10.79624,59.93326;10.79639,59.93321;10.79646,59.93318
secondary|10.80352,59.93025;10.80331,59.93037;10.80323,59.93041;10.80318,59.93044;10.80313,59.93047;10.80309,59.93051;10.80305,59.93055;10.80303,59.93059
secondary|10.80194,59.93099;10.80222,59.93085;10.80232,59.93079;10.80242,59.93072;10.80247,59.93069;10.80255,59.93062
tertiary|10.78892,59.93157;10.78900,59.93155;10.78920,59.93150;10.79004,59.93128;10.79082,59.93107;10.79089,59.93105;10.79167,59.93083;10.79187,59.93078;10.79254,59.93059
residential|10.82626,59.93510;10.82638,59.93511;10.82645,59.93512;10.82678,59.93521;10.82716,59.93533;10.82755,59.93545;10.82758,59.93545;10.82764,59.93548
residential|10.77564,59.93737;10.77568,59.93740;10.77575,59.93746;10.77620,59.93787;10.77621,59.93788;10.77643,59.93824;10.77646,59.93828;10.77648,59.93832;10.77660,59.93869;10.77662,59.93884;10.77662,59.93895;10.77663,59.93905
residential|10.78525,59.92898;10.78514,59.92868;10.78513,59.92867;10.78505,59.92847;10.78507,59.92845;10.78509,59.92842;10.78512,59.92838
living_street|10.82073,59.95169;10.82129,59.95141;10.82137,59.95137;10.82215,59.95129
living_street|10.82123,59.95187;10.82170,59.95163;10.82246,59.95157
living_street|10.82039,59.95144;10.82100,59.95112;10.82108,59.95108;10.82186,59.95102
unclassified|10.80444,59.93128;10.80411,59.93113;10.80352,59.93087;10.80349,59.93085;10.80346,59.93084;10.80340,59.93083;10.80330,59.93082;10.80324,59.93081
unclassified|10.80707,59.93412;10.80702,59.93400;10.80680,59.93341;10.80654,59.93272;10.80651,59.93264;10.80636,59.93225;10.80626,59.93199;10.80613,59.93165;10.80603,59.93145;10.80602,59.93142
secondary|10.80689,59.92831;10.80701,59.92824
secondary|10.80659,59.92847;10.80680,59.92836
secondary|10.80719,59.92826;10.80699,59.92837
secondary|10.80510,59.92940;10.80487,59.92953;10.80477,59.92959;10.80469,59.92964;10.80466,59.92966;10.80461,59.92970;10.80457,59.92975
unclassified|10.80574,59.93094;10.80565,59.93097;10.80557,59.93098;10.80462,59.93123;10.80453,59.93125;10.80450,59.93126;10.80448,59.93127
unclassified|10.80574,59.93094;10.80572,59.93092;10.80554,59.93067;10.80553,59.93065;10.80546,59.93056
unclassified|10.80686,59.93786;10.80695,59.93771
unclassified|10.80695,59.93771;10.80703,59.93763;10.80715,59.93750;10.80718,59.93745;10.80723,59.93738;10.80732,59.93724;10.80738,59.93713;10.80744,59.93702;10.80747,59.93690;10.80749,59.93677;10.80749,59.93659;10.80748,59.93645;10.80738,59.93590;10.80733,59.93562;10.80729,59.93533;10.80728,59.93526;10.80723,59.93499;10.80715,59.93456;10.80711,59.93432;10.80709,59.93419;10.80707,59.93412
pedestrian|10.78709,59.94658;10.78709,59.94657;10.78710,59.94656;10.78710,59.94655;10.78711,59.94655;10.78713,59.94654;10.78716,59.94654;10.78718,59.94654;10.78720,59.94654;10.78720,59.94655;10.78722,59.94655;10.78723,59.94657;10.78723,59.94658;10.78723,59.94659;10.78722,59.94660;10.78720,59.94661;10.78717,59.94661;10.78715,59.94661;10.78713,59.94661;10.78711,59.94660;10.78709,59.94659;10.78709,59.94658
secondary|10.78567,59.94606;10.78561,59.94606;10.78541,59.94609
secondary|10.78511,59.94606;10.78411,59.94594;10.78349,59.94587;10.78329,59.94585
residential|10.78511,59.94606;10.78510,59.94609;10.78509,59.94611;10.78504,59.94621;10.78502,59.94626;10.78487,59.94659;10.78477,59.94681;10.78475,59.94686;10.78469,59.94700;10.78458,59.94723;10.78441,59.94762;10.78431,59.94784;10.78427,59.94791;10.78427,59.94793;10.78428,59.94795;10.78430,59.94800
residential|10.78192,59.94562;10.78193,59.94561;10.78195,59.94556;10.78196,59.94554;10.78273,59.94386
residential|10.78190,59.94569;10.78191,59.94564;10.78192,59.94562
secondary|10.78118,59.94560;10.78084,59.94553;10.78078,59.94551
residential|10.78329,59.94585;10.78331,59.94580;10.78332,59.94578
secondary|10.78329,59.94585;10.78212,59.94571;10.78190,59.94569
secondary|10.78192,59.94562;10.78215,59.94565;10.78332,59.94578
secondary|10.78332,59.94578;10.78352,59.94581;10.78513,59.94599
secondary|10.78513,59.94599;10.78533,59.94602;10.78555,59.94604
secondary|10.78648,59.94615;10.78659,59.94617;10.78675,59.94619;10.78709,59.94623;10.78712,59.94624;10.78726,59.94625;10.78742,59.94627;10.78798,59.94634;10.78808,59.94635;10.78818,59.94636;10.78827,59.94637;10.78835,59.94639;10.78843,59.94640
secondary|10.78843,59.94640;10.78857,59.94643;10.78868,59.94646;10.78880,59.94649;10.78889,59.94652;10.78899,59.94656;10.78907,59.94659;10.78918,59.94664;10.78927,59.94668;10.78936,59.94673;10.78945,59.94680;10.78954,59.94687;10.78961,59.94693;10.78966,59.94699;10.78971,59.94705;10.78973,59.94708;10.78978,59.94717;10.78981,59.94725;10.78984,59.94735;10.79006,59.94831;10.79015,59.94874;10.79019,59.94892;10.79021,59.94907;10.79022,59.94919;10.79023,59.94927;10.79022,59.94933;10.79021,59.94951;10.79019,59.94965;10.79017,59.94971;10.79015,59.94979;10.79013,59.94987;10.79007,59.95008;10.79005,59.95016;10.79002,59.95022;10.79000,59.95026;10.78995,59.95033;10.78990,59.95038;10.78985,59.95043;10.78983,59.95045;10.78981,59.95046;10.78977,59.95049;10.78968,59.95054;10.78961,59.95058;10.78952,59.95061;10.78943,59.95065;10.78932,59.95068;10.78921,59.95071;10.78912,59.95072;10.78902,59.95074;10.78893,59.95075;10.78867,59.95078;10.78744,59.95091;10.78726,59.95094;10.78709,59.95096;10.78692,59.95099;10.78676,59.95103;10.78662,59.95107;10.78648,59.95111;10.78639,59.95114;10.78628,59.95119;10.78617,59.95123;10.78607,59.95128;10.78599,59.95133;10.78591,59.95137;10.78584,59.95142;10.78576,59.95147;10.78569,59.95153;10.78563,59.95158;10.78557,59.95165;10.78551,59.95171;10.78546,59.95178;10.78543,59.95183;10.78540,59.95188;10.78537,59.95196;10.78535,59.95203;10.78533,59.95212;10.78533,59.95220;10.78533,59.95226;10.78534,59.95233;10.78535,59.95248;10.78537,59.95258;10.78543,59.95316;10.78545,59.95338;10.78546,59.95346;10.78548,59.95362;10.78551,59.95388;10.78561,59.95477;10.78567,59.95532
residential|10.79097,59.95025;10.79035,59.94984;10.79030,59.94982;10.79024,59.94980;10.79019,59.94979;10.79015,59.94979
tertiary|10.82565,59.93663;10.82561,59.93679;10.82557,59.93692;10.82556,59.93699;10.82553,59.93714;10.82551,59.93724;10.82547,59.93755;10.82545,59.93779;10.82545,59.93784;10.82542,59.93811;10.82540,59.93827
tertiary|10.82540,59.93827;10.82535,59.93862
trunk|10.78331,59.93845;10.78355,59.93826;10.78382,59.93806;10.78407,59.93790;10.78429,59.93778
secondary|10.77931,59.94542;10.77916,59.94541
secondary|10.77922,59.94523;10.77937,59.94526
secondary|10.78190,59.94569;10.78118,59.94560
trunk|10.77791,59.94863;10.77814,59.94826
secondary|10.78541,59.94609;10.78530,59.94608;10.78511,59.94606
secondary|10.78120,59.94554;10.78128,59.94555;10.78137,59.94556;10.78192,59.94562
trunk|10.77752,59.94936;10.77791,59.94863
trunk|10.77733,59.94969;10.77752,59.94936
pedestrian|10.79700,59.93015;10.79702,59.93016;10.79706,59.93016;10.79708,59.93016;10.79712,59.93017;10.79716,59.93017;10.79724,59.93015;10.79726,59.93014;10.79726,59.93012;10.79726,59.93010;10.79720,59.93007;10.79721,59.93005;10.79720,59.93005;10.79717,59.93005;10.79715,59.93005;10.79712,59.93005;10.79712,59.93005;10.79708,59.93005;10.79702,59.93007;10.79699,59.93010;10.79698,59.93011;10.79700,59.93015
unclassified|10.79683,59.93083;10.79764,59.93078;10.79812,59.93075;10.79820,59.93069;10.79819,59.93067;10.79816,59.93057
pedestrian|10.79986,59.92899;10.79967,59.92899;10.79960,59.92892;10.79959,59.92889;10.79970,59.92887;10.79971,59.92849;10.79975,59.92849;10.79972,59.92827;10.80003,59.92821;10.80006,59.92821;10.80008,59.92821;10.80008,59.92828;10.80014,59.92835;10.80017,59.92839;10.80037,59.92839;10.80037,59.92848;10.80033,59.92848;10.80031,59.92846;10.80021,59.92846;10.80021,59.92865;10.80021,59.92876;10.80033,59.92893;10.80036,59.92893;10.80036,59.92899;10.80026,59.92899;10.80026,59.92896;10.80008,59.92896;10.80007,59.92898;10.80003,59.92898;10.79997,59.92898;10.79995,59.92898;10.79986,59.92899
pedestrian|10.80138,59.93059;10.80141,59.93065;10.80141,59.93066;10.80153,59.93093;10.80160,59.93107;10.80213,59.93080;10.80215,59.93079;10.80206,59.93078;10.80208,59.93074;10.80207,59.93068;10.80228,59.93069;10.80229,59.93066;10.80229,59.93065;10.80229,59.93064;10.80206,59.93066;10.80204,59.93059;10.80181,59.93048;10.80188,59.93045;10.80196,59.93041;10.80200,59.93038;10.80196,59.93036;10.80193,59.93035;10.80174,59.93045;10.80166,59.93041;10.80181,59.93029;10.80180,59.93028;10.80179,59.93028;10.80163,59.93040;10.80123,59.93022;10.80120,59.93021;10.80119,59.93021;10.80114,59.93020;10.80100,59.93019;10.80100,59.93020;10.80099,59.93031;10.80103,59.93031;10.80123,59.93032;10.80124,59.93034;10.80127,59.93036;10.80138,59.93059
pedestrian|10.77521,59.93885;10.77523,59.93883;10.77535,59.93887;10.77541,59.93888;10.77559,59.93888;10.77613,59.93885;10.77618,59.93884;10.77620,59.93882;10.77617,59.93862;10.77615,59.93858;10.77611,59.93857;10.77507,59.93867;10.77504,59.93868;10.77504,59.93870;10.77506,59.93874;10.77513,59.93879;10.77523,59.93883
residential|10.77714,59.94276;10.77711,59.94268;10.77703,59.94265;10.77670,59.94255;10.77654,59.94249;10.77640,59.94242;10.77632,59.94238
residential|10.77674,59.93026;10.77582,59.92924;10.77577,59.92919
residential|10.77577,59.92919;10.77586,59.92916;10.77734,59.92872;10.77768,59.92862;10.77777,59.92859
residential|10.77800,59.92987;10.77792,59.92989;10.77778,59.92993
tertiary|10.78261,59.93924;10.78229,59.93918;10.78216,59.93916
residential|10.79026,59.94802;10.79030,59.94800;10.79052,59.94789;10.79072,59.94776;10.79094,59.94762
unclassified|10.80324,59.93081;10.80312,59.93076;10.80301,59.93071;10.80296,59.93069
tertiary|10.82965,59.93159;10.82968,59.93159;10.82972,59.93158
tertiary|10.82884,59.93223;10.82889,59.93222;10.82895,59.93221;10.82900,59.93221
tertiary|10.82972,59.93158;10.82979,59.93158;10.82985,59.93159;10.82991,59.93161;10.82995,59.93163
unclassified|10.80594,59.93128;10.80588,59.93117
unclassified|10.79901,59.93109;10.79906,59.93114;10.79930,59.93134
trunk|10.78745,59.93642;10.78825,59.93611
trunk|10.78780,59.93643;10.78731,59.93662
residential|10.80203,59.93852;10.80215,59.93851;10.80225,59.93852;10.80233,59.93853;10.80253,59.93859;10.80300,59.93877;10.80424,59.93926;10.80429,59.93930;10.80430,59.93934
residential|10.77777,59.92859;10.77786,59.92857;10.77788,59.92856
residential|10.77800,59.92853;10.77821,59.92847;10.77843,59.92840;10.77857,59.92838;10.77865,59.92837;10.77868,59.92839;10.77876,59.92841
residential|10.77788,59.92856;10.77791,59.92855;10.77800,59.92853
unclassified|10.79819,59.93067;10.79844,59.93065
residential|10.79482,59.93521;10.79487,59.93532;10.79502,59.93563;10.79511,59.93573;10.79512,59.93574;10.79532,59.93595;10.79537,59.93598;10.79546,59.93605;10.79555,59.93611;10.79558,59.93613;10.79596,59.93635;10.79654,59.93670;10.79755,59.93720
unclassified|10.80444,59.93128;10.80433,59.93135;10.80414,59.93127;10.80411,59.93125;10.80410,59.93123;10.80409,59.93122;10.80411,59.93118;10.80411,59.93116;10.80411,59.93113
unclassified|10.80448,59.93127;10.80444,59.93128
unclassified|10.80546,59.93056;10.80537,59.93045;10.80518,59.93020;10.80512,59.93015;10.80505,59.93010
unclassified|10.80581,59.93111;10.80577,59.93106;10.80574,59.93101
unclassified|10.80582,59.93099;10.80586,59.93105;10.80590,59.93110
unclassified|10.80602,59.93142;10.80601,59.93140;10.80594,59.93128
unclassified|10.80574,59.93094;10.80582,59.93099;10.80582,59.93099
unclassified|10.80574,59.93101;10.80574,59.93094
unclassified|10.80588,59.93117;10.80581,59.93111
unclassified|10.80590,59.93110;10.80590,59.93111;10.80588,59.93117
tertiary|10.77663,59.93905;10.77676,59.93905;10.77804,59.93898;10.77878,59.93893;10.77906,59.93892
residential|10.82858,59.93575;10.82852,59.93581;10.82819,59.93611;10.82815,59.93615;10.82809,59.93624;10.82785,59.93693;10.82785,59.93694;10.82784,59.93698
unclassified|10.82832,59.93490;10.82869,59.93458
unclassified|10.82764,59.93548;10.82769,59.93544;10.82789,59.93526;10.82825,59.93496;10.82832,59.93490
unclassified|10.82921,59.93594;10.82863,59.93577;10.82858,59.93575;10.82844,59.93571;10.82769,59.93549;10.82764,59.93548
residential|10.78631,59.92826;10.78635,59.92830;10.78637,59.92832;10.78642,59.92835
pedestrian|10.80081,59.93540;10.80116,59.93537;10.80229,59.93517;10.80282,59.93509;10.80320,59.93506;10.80360,59.93504;10.80451,59.93500;10.80471,59.93499;10.80488,59.93497;10.80501,59.93495;10.80511,59.93492
tertiary|10.80063,59.92906;10.79999,59.92905;10.79979,59.92905;10.79952,59.92905;10.79908,59.92905;10.79876,59.92905;10.79856,59.92905;10.79840,59.92905;10.79823,59.92906;10.79808,59.92908;10.79788,59.92910;10.79771,59.92913;10.79752,59.92917;10.79733,59.92921;10.79638,59.92948;10.79569,59.92968
tertiary|10.79545,59.92976;10.79560,59.92972;10.79569,59.92968
tertiary|10.79286,59.93050;10.79343,59.93034;10.79396,59.93019;10.79406,59.93016;10.79416,59.93013;10.79545,59.92976
tertiary|10.79254,59.93059;10.79270,59.93054;10.79286,59.93050
tertiary|10.78829,59.93181;10.78851,59.93171
tertiary|10.78851,59.93171;10.78853,59.93170;10.78858,59.93168;10.78862,59.93167;10.78872,59.93163;10.78883,59.93160;10.78889,59.93158;10.78892,59.93157
primary|10.77847,59.93300;10.77847,59.93292;10.77846,59.93284;10.77846,59.93275
primary|10.77847,59.93300;10.77858,59.93300;10.77861,59.93300
tertiary|10.83144,59.93947;10.83121,59.93948;10.83093,59.93950;10.83074,59.93951;10.83057,59.93953;10.83030,59.93956;10.83008,59.93959;10.82984,59.93962;10.82945,59.93969;10.82898,59.93978;10.82881,59.93981;10.82863,59.93984;10.82821,59.93992;10.82788,59.93998;10.82771,59.94000;10.82751,59.94002;10.82729,59.94004;10.82708,59.94005;10.82690,59.94006;10.82668,59.94007;10.82630,59.94007;10.82592,59.94007;10.82546,59.94008;10.82520,59.94008;10.82495,59.94008
tertiary|10.82355,59.94008;10.82337,59.94008;10.82325,59.94008;10.82313,59.94009;10.82302,59.94010;10.82290,59.94012;10.82279,59.94015;10.82268,59.94017;10.82257,59.94021;10.82239,59.94027;10.82194,59.94042;10.82166,59.94052;10.82151,59.94057
tertiary|10.82151,59.94057;10.82145,59.94059;10.82115,59.94070;10.82079,59.94082;10.82024,59.94100;10.82000,59.94108;10.81984,59.94112;10.81978,59.94114;10.81969,59.94116;10.81946,59.94121;10.81936,59.94123
unclassified|10.81018,59.94195;10.81009,59.94192;10.81001,59.94189;10.80997,59.94188
residential|10.80997,59.94188;10.80984,59.94182;10.80970,59.94175;10.80961,59.94169;10.80944,59.94158;10.80896,59.94124;10.80892,59.94121;10.80838,59.94082
tertiary|10.78365,59.92856;10.78361,59.92850;10.78357,59.92845;10.78351,59.92838;10.78343,59.92830;10.78339,59.92825;10.78332,59.92821
residential|10.77999,59.94717;10.78006,59.94706;10.78035,59.94644;10.78058,59.94595;10.78074,59.94561;10.78075,59.94560;10.78078,59.94552;10.78078,59.94551
residential|10.77926,59.94657;10.77935,59.94664;10.77969,59.94691;10.77994,59.94711;10.77999,59.94717
trunk|10.78804,59.93877;10.78885,59.93899;10.78925,59.93910;10.78953,59.93917
residential|10.82700,59.94292;10.82705,59.94290;10.82708,59.94287;10.82711,59.94283;10.82714,59.94278;10.82718,59.94268;10.82720,59.94263;10.82723,59.94261;10.82726,59.94259
residential|10.79958,59.93616;10.79950,59.93627;10.79941,59.93641;10.79931,59.93656;10.79918,59.93677;10.79918,59.93678;10.79913,59.93685;10.79908,59.93693;10.79903,59.93701;10.79895,59.93712
residential|10.79589,59.93334;10.79591,59.93335;10.79592,59.93336;10.79601,59.93342
residential|10.82561,59.93679;10.82585,59.93681;10.82593,59.93682;10.82601,59.93684;10.82617,59.93689
residential|10.82617,59.93689;10.82600,59.93691;10.82591,59.93691;10.82576,59.93692;10.82557,59.93692
residential|10.82868,59.93511;10.82870,59.93513;10.82872,59.93514;10.82915,59.93543
residential|10.82915,59.93543;10.82975,59.93520
residential|10.82844,59.93571;10.82849,59.93569;10.82850,59.93569;10.82900,59.93549;10.82915,59.93543
residential|10.81389,59.94528;10.81396,59.94533;10.81401,59.94540;10.81401,59.94548;10.81394,59.94561
secondary|10.78555,59.94604;10.78567,59.94606
secondary|10.78619,59.94612;10.78648,59.94615
residential|10.79274,59.94168;10.79267,59.94161;10.79264,59.94157;10.79261,59.94155;10.79257,59.94153;10.79252,59.94152;10.79246,59.94151;10.79116,59.94135;10.79098,59.94133;10.79075,59.94134;10.79049,59.94137;10.78909,59.94165
tertiary|10.78157,59.93904;10.78168,59.93905
secondary|10.80601,59.92879;10.80620,59.92868;10.80639,59.92858
secondary|10.80673,59.92851;10.80620,59.92880;10.80510,59.92940
trunk|10.77757,59.94959;10.77739,59.94991;10.77727,59.95010;10.77714,59.95027;10.77699,59.95043;10.77677,59.95062;10.77651,59.95080;10.77624,59.95095;10.77594,59.95111
secondary|10.77794,59.94509;10.77796,59.94511;10.77797,59.94513;10.77796,59.94516;10.77795,59.94517
secondary|10.77780,59.94505;10.77784,59.94505;10.77788,59.94506;10.77791,59.94507;10.77794,59.94509
pedestrian|10.80769,59.94447;10.80770,59.94448;10.80807,59.94458;10.80809,59.94460;10.80811,59.94460;10.80813,59.94459;10.80810,59.94456;10.80808,59.94454;10.80806,59.94452;10.80805,59.94451;10.80802,59.94450;10.80799,59.94449;10.80796,59.94447;10.80792,59.94447;10.80789,59.94446;10.80784,59.94446;10.80781,59.94446;10.80777,59.94446;10.80769,59.94447
residential|10.77999,59.94717;10.78026,59.94739;10.78079,59.94782;10.78087,59.94788;10.78131,59.94824;10.78161,59.94848;10.78169,59.94855;10.78173,59.94858;10.78177,59.94860;10.78181,59.94861;10.78189,59.94864;10.78197,59.94866
tertiary|10.78315,59.94207;10.78309,59.94203;10.78253,59.94168;10.78199,59.94135;10.78192,59.94131;10.78187,59.94127
residential|10.83098,59.93674;10.83086,59.93667;10.83074,59.93661;10.83073,59.93660;10.83068,59.93656;10.83058,59.93642;10.83052,59.93637;10.83043,59.93632;10.83036,59.93629;10.83017,59.93623;10.82990,59.93615;10.82921,59.93594
residential|10.80511,59.93492;10.80598,59.93462;10.80620,59.93454;10.80674,59.93437;10.80683,59.93434;10.80690,59.93433;10.80699,59.93432;10.80711,59.93432
pedestrian|10.80030,59.93538;10.80034,59.93538;10.80042,59.93539;10.80055,59.93540;10.80081,59.93540
tertiary|10.77552,59.94611;10.77565,59.94607;10.77580,59.94603;10.77587,59.94601;10.77592,59.94600;10.77618,59.94595
tertiary|10.77618,59.94595;10.77603,59.94604;10.77594,59.94607;10.77585,59.94610;10.77571,59.94614;10.77560,59.94617;10.77541,59.94622;10.77504,59.94632
living_street|10.82990,59.93615;10.82987,59.93616;10.82984,59.93617;10.82971,59.93625;10.82967,59.93633;10.82961,59.93638;10.82956,59.93642;10.82947,59.93655
residential|10.77969,59.95105;10.77951,59.95106;10.77943,59.95107;10.77918,59.95109;10.77895,59.95111;10.77846,59.95115;10.77828,59.95117;10.77752,59.95126;10.77703,59.95133;10.77702,59.95133;10.77678,59.95138;10.77599,59.95152;10.77585,59.95154;10.77573,59.95156
unclassified|10.79763,59.93153;10.79820,59.93135;10.79867,59.93121;10.79873,59.93120;10.79878,59.93113
unclassified|10.79897,59.93112;10.79893,59.93113;10.79888,59.93114;10.79883,59.93114;10.79878,59.93113;10.79874,59.93111;10.79871,59.93109;10.79870,59.93106;10.79871,59.93104;10.79873,59.93102;10.79877,59.93100;10.79881,59.93098;10.79887,59.93098;10.79892,59.93099;10.79897,59.93100;10.79900,59.93102;10.79902,59.93105;10.79902,59.93107;10.79901,59.93109;10.79900,59.93110;10.79897,59.93112
tertiary|10.82495,59.94008;10.82476,59.94009;10.82447,59.94008;10.82430,59.94008
pedestrian|10.79560,59.92965;10.79545,59.92951;10.79542,59.92948
residential|10.80672,59.94007;10.80652,59.93999;10.80619,59.93987;10.80585,59.93976
living_street|10.82932,59.93678;10.82923,59.93695;10.82923,59.93696;10.82922,59.93699
living_street|10.82947,59.93655;10.82946,59.93655;10.82937,59.93662;10.82935,59.93671;10.82932,59.93678
residential|10.80011,59.93539;10.80030,59.93538
tertiary|10.82925,59.93794;10.82917,59.93801;10.82903,59.93816;10.82894,59.93827;10.82886,59.93838;10.82874,59.93862;10.82865,59.93898;10.82862,59.93910;10.82858,59.93922;10.82858,59.93930;10.82858,59.93935;10.82860,59.93943;10.82860,59.93944;10.82862,59.93949;10.82866,59.93958;10.82872,59.93968;10.82875,59.93973;10.82881,59.93981
tertiary|10.82989,59.93742;10.82986,59.93744;10.82984,59.93748;10.82976,59.93755;10.82973,59.93756;10.82966,59.93762;10.82959,59.93765;10.82953,59.93769;10.82949,59.93773;10.82944,59.93775;10.82939,59.93779;10.82936,59.93782;10.82930,59.93787;10.82927,59.93791;10.82925,59.93794
living_street|10.79234,59.93317;10.79238,59.93328;10.79242,59.93334;10.79245,59.93336;10.79248,59.93338;10.79259,59.93342;10.79272,59.93347;10.79284,59.93356;10.79304,59.93376
living_street|10.79304,59.93376;10.79317,59.93387;10.79320,59.93390;10.79341,59.93409;10.79342,59.93410;10.79347,59.93413
living_street|10.79234,59.93317;10.79197,59.93331;10.79157,59.93342;10.79076,59.93366;10.79043,59.93373
tertiary|10.77686,59.94566;10.77695,59.94561;10.77703,59.94557;10.77713,59.94551;10.77725,59.94544;10.77737,59.94536
unclassified|10.82922,59.93699;10.82951,59.93703;10.82982,59.93708;10.83005,59.93714;10.83022,59.93719
residential|10.79043,59.93373;10.78998,59.93381;10.78983,59.93384
residential|10.79370,59.93279;10.79371,59.93276;10.79434,59.93258;10.79444,59.93256;10.79477,59.93248;10.79489,59.93247
residential|10.77932,59.93076;10.77920,59.93077;10.77852,59.93080;10.77841,59.93081
residential|10.79284,59.93506;10.79332,59.93508;10.79346,59.93509;10.79358,59.93509;10.79371,59.93510;10.79419,59.93514;10.79437,59.93516;10.79471,59.93520;10.79482,59.93521
unclassified|10.82037,59.94364;10.81972,59.94380;10.81969,59.94380;10.81948,59.94386;10.81938,59.94387
residential|10.81791,59.95038;10.81788,59.95040;10.81781,59.95045;10.81776,59.95050;10.81775,59.95058;10.81781,59.95073;10.81791,59.95089;10.81799,59.95097;10.81812,59.95106;10.81865,59.95130;10.81912,59.95154;10.81940,59.95179;10.81972,59.95209;10.81983,59.95218;10.81994,59.95226;10.82020,59.95236;10.82048,59.95254;10.82121,59.95287;10.82150,59.95308;10.82168,59.95328;10.82183,59.95352;10.82214,59.95404;10.82228,59.95426;10.82242,59.95450
